-- phpMyAdmin SQL Dump
-- version 5.1.1
-- https://www.phpmyadmin.net/
--
-- Host: 127.0.0.1
-- Generation Time: Nov 27, 2021 at 01:35 PM
-- Server version: 10.4.21-MariaDB
-- PHP Version: 7.4.25

SET SQL_MODE = "NO_AUTO_VALUE_ON_ZERO";
START TRANSACTION;
SET time_zone = "+00:00";


/*!40101 SET @OLD_CHARACTER_SET_CLIENT=@@CHARACTER_SET_CLIENT */;
/*!40101 SET @OLD_CHARACTER_SET_RESULTS=@@CHARACTER_SET_RESULTS */;
/*!40101 SET @OLD_COLLATION_CONNECTION=@@COLLATION_CONNECTION */;
/*!40101 SET NAMES utf8mb4 */;

--
-- Database: `webtintuc`
--

-- --------------------------------------------------------

--
-- Table structure for table `baiviet`
--

CREATE TABLE `baiviet` (
  `ID_BaiViet` int(11) NOT NULL,
  `TieuDe` varchar(50) NOT NULL,
  `NgayDang` date NOT NULL DEFAULT current_timestamp(),
  `GioiThieu` varchar(100) NOT NULL,
  `AnhDaiDien` varchar(50) NOT NULL,
  `NoiDung` longtext NOT NULL,
  `ID_TheLoai` int(11) NOT NULL,
  `ID_CTTheLoai` int(11) NOT NULL,
  `ID_LoaiTin` int(11) DEFAULT NULL,
  `ID_TaiKhoan` int(11) NOT NULL,
  `SoLuotThich` int(11) NOT NULL
) ENGINE=InnoDB DEFAULT CHARSET=utf8mb4;

--
-- Dumping data for table `baiviet`
--

INSERT INTO `baiviet` (`ID_BaiViet`, `TieuDe`, `NgayDang`, `GioiThieu`, `AnhDaiDien`, `NoiDung`, `ID_TheLoai`, `ID_CTTheLoai`, `ID_LoaiTin`, `ID_TaiKhoan`, `SoLuotThich`) VALUES
(101, 'Thủ tướng: Sản xuất bằng được vaccine trong nước', '2021-09-25', 'Lãnh đạo Chính phủ yêu cầu các cá nhân, đơn vị làm việc với trách nhiệm cao nhất, thúc đẩy sản xuất ', '101_1.jpg', '<p class=\"Normal\" style=\"margin: 0px 0px 1em; padding: 0px; box-sizing: border-box; text-rendering: optimizespeed; line-height: 28.8px; color: rgb(34, 34, 34); font-family: arial; font-size: 18px; font-style: normal; font-variant-ligatures: normal; font-variant-caps: normal; font-weight: 400; letter-spacing: normal; orphans: 2; text-align: start; text-indent: 0px; text-transform: none; white-space: normal; widows: 2; word-spacing: 0px; -webkit-text-stroke-width: 0px; background-color: rgb(252, 250, 246); text-decoration-thickness: initial; text-decoration-style: initial; text-decoration-color: initial;\">Tại cuộc họp s&aacute;ng 27/11, Thủ tướng <a href=\"https://vnexpress.net/chu-de/thu-tuong-pham-minh-chinh-1753\" rel=\"dofollow\" style=\"margin: 0px; padding: 0px 0px 1px; box-sizing: border-box; text-rendering: optimizelegibility; color: rgb(7, 109, 182); text-decoration: none; position: relative; text-underline-position: under; border-bottom-width: 1px; border-bottom-style: solid;\">Phạm Minh Ch&iacute;nh</a> n&oacute;i để ph&ograve;ng, chống dịch hiệu quả, thực tiễn Việt Nam v&agrave; kinh nghiệm quốc tế cho thấy vaccine c&oacute; t&iacute;nh chất quyết định, cộng với &yacute; thức người d&acirc;n l&agrave; rất quan trọng. Việc th&uacute;c đẩy sản xuất vaccine v&agrave; thuốc điều trị sẽ gi&uacute;p tăng cường năng lực y tế trong nước, g&oacute;p phần ph&aacute;t triển ng&agrave;nh c&ocirc;ng nghiệp dược của Việt Nam.</p>\r\n<p class=\"Normal\" style=\"margin: 0px 0px 1em; padding: 0px; box-sizing: border-box; text-rendering: optimizespeed; line-height: 28.8px; color: rgb(34, 34, 34); font-family: arial; font-size: 18px; font-style: normal; font-variant-ligatures: normal; font-variant-caps: normal; font-weight: 400; letter-spacing: normal; orphans: 2; text-align: start; text-indent: 0px; text-transform: none; white-space: normal; widows: 2; word-spacing: 0px; -webkit-text-stroke-width: 0px; background-color: rgb(252, 250, 246); text-decoration-thickness: initial; text-decoration-style: initial; text-decoration-color: initial;\"><img src=\"data:image/jpeg;base64,/9j/4AAQSkZJRgABAQEBLAEsAAD/7QB4UGhvdG9zaG9wIDMuMAA4QklNBAQAAAAAAD8cAVoAAxslRxwCAAACAAIcAj8ABjA4MDc1MxwCPgAIMjAyMTExMjccAjcACDIwMjExMTI3HAI8AAYwODA3NTMAOEJJTQQlAAAAAAAQr6LWPhmARi5EaPSSXwqcjP/hA4hFeGlmAABNTQAqAAAACAAJAQ8AAgAAABIAAAB6ARAAAgAAAAoAAACMARIAAwAAAAEAAQAAARoABQAAAAEAAACWARsABQAAAAEAAACeASgAAwAAAAEAAgAAATEAAgAAABQAAACmATIAAgAAABQAAAC6h2kABAAAAAEAAADOAAAAAE5JS09OIENPUlBPUkFUSU9OAE5JS09OIEQ0UwAAAAEsAAAAAQAAASwAAAABTklLT04gRDRTIFZlci4xLjAxIAAyMDIxOjExOjI3IDExOjI1OjIxAAAqgpoABQAAAAEAAALMgp0ABQAAAAEAAALUiCIAAwAAAAEAAQAAiCcAAwAAAAEH0AAAiDAAAwAAAAEAAgAAkAAABwAAAAQwMjMxkAMAAgAAABQAAALckAQAAgAAABQAAALwkBAAAgAAAAcAAAMEkBEAAgAAAAcAAAMMkQEABwAAAAQBAgMAkgEACgAAAAEAAAMUkgIABQAAAAEAAAMckgQACgAAAAEAAAMkkgUABQAAAAEAAAMskgcAAwAAAAEABQAAkggAAwAAAAEAAAAAkgkAAwAAAAEADQAAkgoABQAAAAEAAAM0kpEAAgAAAAMzNgAAkpIAAgAAAAMzNgAAoAAABwAAAAQwMTAwoAEAAwAAAAEAAQAAoAIABAAAAAEAAAUAoAMABAAAAAEAAAN2ohcAAwAAAAEAAgAAowAABwAAAAEDAAAAowEABwAAAAEBAAAApAEAAwAAAAEAAAAApAIAAwAAAAEAAQAApAMAAwAAAAEAAAAApAQABQAAAAEAAAM8pAUAAwAAAAEArwAApAYAAwAAAAEAAAAApAcAAwAAAAEAAgAApAgAAwAAAAEAAAAApAkAAwAAAAEAAAAApAoAAwAAAAEAAAAApAwAAwAAAAEAAAAApDEAAgAAAAgAAANEpDIABQAAAAQAAANMpDQAAgAAABQAAANsAAAAAAAAAAEAAACgAAAABwAAAAIyMDIxOjExOjI3IDA4OjA3OjUzADIwMjE6MTE6MjcgMDg6MDc6NTMAKzA3OjAwAAArMDc6MDAAAAAAYCEAAA0hAAC/mAAANQEAAAAAAAAAAQAAAAMAAAABAAAArwAAAAEAAAABAAAAATIwMTcyMjcAAAAARgAAAAEAAADIAAAAAQAAAA4AAAAFAAAADgAAAAU3MC4wLTIwMC4wIG1tIGYvMi44AP/hCtdodHRwOi8vbnMuYWRvYmUuY29tL3hhcC8xLjAvADw/eHBhY2tldCBiZWdpbj0i77u/IiBpZD0iVzVNME1wQ2VoaUh6cmVTek5UY3prYzlkIj8+IDx4OnhtcG1ldGEgeG1sbnM6eD0iYWRvYmU6bnM6bWV0YS8iIHg6eG1wdGs9IlhNUCBDb3JlIDYuMC4wIj4gPHJkZjpSREYgeG1sbnM6cmRmPSJodHRwOi8vd3d3LnczLm9yZy8xOTk5LzAyLzIyLXJkZi1zeW50YXgtbnMjIj4gPHJkZjpEZXNjcmlwdGlvbiByZGY6YWJvdXQ9IiIgeG1sbnM6YXV4PSJodHRwOi8vbnMuYWRvYmUuY29tL2V4aWYvMS4wL2F1eC8iIHhtbG5zOnBob3Rvc2hvcD0iaHR0cDovL25zLmFkb2JlLmNvbS9waG90b3Nob3AvMS4wLyIgeG1sbnM6eG1wPSJodHRwOi8vbnMuYWRvYmUuY29tL3hhcC8xLjAvIiBhdXg6SW1hZ2VOdW1iZXI9IjM1NTkxNiIgYXV4OkxlbnM9IjcwLjAtMjAwLjAgbW0gZi8yLjgiIGF1eDpMZW5zSW5mbz0iNzAvMSAyMDAvMSAxNC81IDE0LzUiIGF1eDpMZW5zSUQ9IjExOSIgYXV4OlNlcmlhbE51bWJlcj0iMjAxNzIyNyIgcGhvdG9zaG9wOkRhdGVDcmVhdGVkPSIyMDIxLTExLTI3VDA4OjA3OjUzLjM2IiB4bXA6TW9kaWZ5RGF0ZT0iMjAyMS0xMS0yN1QxMToyNToyMSIgeG1wOkNyZWF0ZURhdGU9IjIwMjEtMTEtMjdUMDg6MDc6NTMuMzYiIHhtcDpDcmVhdG9yVG9vbD0iTklLT04gRDRTIFZlci4xLjAxICIvPiA8L3JkZjpSREY+IDwveDp4bXBtZXRhPiAgICAgICAgICAgICAgICAgICAgICAgICAgICAgICAgICAgICAgICAgICAgICAgICAgICAgICAgICAgICAgICAgICAgICAgICAgICAgICAgICAgICAgICAgICAgICAgICAgICAgICAgICAgICAgICAgICAgICAgICAgICAgICAgICAgICAgICAgICAgICAgICAgICAgICAgICAgICAgICAgICAgICAgICAgICAgICAgICAgICAgICAgICAgICAgICAgICAgICAgICAgICAgICAgICAgICAgICAgICAgICAgICAgICAgICAgICAgICAgICAgICAgICAgICAgICAgICAgICAgICAgICAgICAgICAgICAgICAgICAgICAgICAgICAgICAgICAgICAgICAgICAgICAgICAgICAgICAgICAgICAgICAgICAgICAgICAgICAgICAgICAgICAgICAgICAgICAgICAgICAgICAgICAgICAgICAgICAgICAgICAgICAgICAgICAgICAgICAgICAgICAgICAgICAgICAgICAgICAgICAgICAgICAgICAgICAgICAgICAgICAgICAgICAgICAgICAgICAgICAgICAgICAgICAgICAgICAgICAgICAgICAgICAgICAgICAgICAgICAgICAgICAgICAgICAgICAgICAgICAgICAgICAgICAgICAgICAgICAgICAgICAgICAgICAgICAgICAgICAgICAgICAgICAgICAgICAgICAgICAgICAgICAgICAgICAgICAgICAgICAgICAgICAgICAgICAgICAgICAgICAgICAgICAgICAgICAgICAgICAgICAgICAgICAgICAgICAgICAgICAgICAgICAgICAgICAgICAgICAgICAgICAgICAgICAgICAgICAgICAgICAgICAgICAgICAgICAgICAgICAgICAgICAgICAgICAgICAgICAgICAgICAgICAgICAgICAgICAgICAgICAgICAgICAgICAgICAgICAgICAgICAgICAgICAgICAgICAgICAgICAgICAgICAgICAgICAgICAgICAgICAgICAgICAgICAgICAgICAgICAgICAgICAgICAgICAgICAgICAgICAgICAgICAgICAgICAgICAgICAgICAgICAgICAgICAgICAgICAgICAgICAgICAgICAgICAgICAgICAgICAgICAgICAgICAgICAgICAgICAgICAgICAgICAgICAgICAgICAgICAgICAgICAgICAgICAgICAgICAgICAgICAgICAgICAgICAgICAgICAgICAgICAgICAgICAgICAgICAgICAgICAgICAgICAgICAgICAgICAgICAgICAgICAgICAgICAgICAgICAgICAgICAgICAgICAgICAgICAgICAgICAgICAgICAgICAgICAgICAgICAgICAgICAgICAgICAgICAgICAgICAgICAgICAgICAgICAgICAgICAgICAgICAgICAgICAgICAgICAgICAgICAgICAgICAgICAgICAgICAgICAgICAgICAgICAgICAgICAgICAgICAgICAgICAgICAgICAgICAgICAgICAgICAgICAgICAgICAgICAgICAgICAgICAgICAgICAgICAgICAgICAgICAgICAgICAgICAgICAgICAgICAgICAgICAgICAgICAgICAgICAgICAgICAgICAgICAgICAgICAgICAgICAgICAgICAgICAgICAgICAgICAgICAgICAgICAgICAgICAgICAgICAgICAgICAgICAgICAgICAgICAgICAgICAgICAgICAgICAgICAgICAgICAgICAgICAgICAgICAgICAgICAgICAgICAgICAgICAgICAgICAgICAgICAgICAgICAgICAgICAgICAgICAgICAgICAgICAgICAgICAgICAgICAgICAgICAgICAgICAgICAgICAgICAgICAgICAgICAgICAgICAgICAgICAgICAgICAgICAgICAgICAgICAgICAgICAgICAgICAgICAgICAgICAgICAgICAgICAgICAgICAgICAgICAgICAgICAgICAgICAgICAgICAgICAgICAgICAgICAgICAgICAgICAgICAgICAgICAgICAgICAgICAgICAgICAgICAgICAgICAgICAgICAgICAgICAgICAgICAgICAgICAgICAgICAgICAgICAgICAgICAgICAgICAgICAgICAgICAgICAgICAgICAgICAgICAgICAgICAgICAgICAgICAgICAgICAgICAgICAgICAgICAgICAgICAgICAgICAgICAgICAgICAgICAgICAgICAgICAgICAgICAgICAgICAgICAgICAgICAgICAgICAgICAgICAgICAgICAgICAgICAgICAgICAgICAgICAgICAgICAgICAgICAgICAgICAgICAgICAgICAgICAgICAgICAgICAgICAgICAgICAgICAgICAgICAgICAgICAgICAgICAgICAgICAgICAgICAgICAgICAgICAgICAgICAgICAgICAgICAgICAgICAgICAgICAgICAgICAgICAgICAgICAgICAgICAgICAgICAgICAgICAgICAgICAgICAgICAgICAgICAgICAgICAgICAgICAgICAgICAgICAgIDw/eHBhY2tldCBlbmQ9InciPz4A/9sAQwACAgICAgECAgICAwICAwMGBAMDAwMHBQUEBggHCQgIBwgICQoNCwkKDAoICAsPCwwNDg4PDgkLEBEQDhENDg4O/9sAQwECAwMDAwMHBAQHDgkICQ4ODg4ODg4ODg4ODg4ODg4ODg4ODg4ODg4ODg4ODg4ODg4ODg4ODg4ODg4ODg4ODg4O/8IAEQgCwgP8AwEiAAIRAQMRAf/EAB0AAAICAwEBAQAAAAAAAAAAAAQFAwYBAgcACAn/xAAcAQACAwEBAQEAAAAAAAAAAAADBAECBQYABwj/2gAMAwEAAhADEAAAAfnsOQ7GzE9pGiqIm8UAVS3SKfJ1RUXP2d1MBemuOa9ZQ6Ov72BIHu4xGYFX2G+JB3022zWZI59Pehzv6fK5NJH0jQWIqDVfaBMDDXW+o268FwTxZbflTUFilXsldsTFY6raatelkIDYDuhPDNbCyq9qrziySEoCl7T2Hm/QQ9WkJDBX6fpNn4Y1yec7QbgrmPm2m+m0LxjF6eLptn0zrviW1NICYIvWOR9659v9vSYSgdz6B6WPYsQcY7fx9tS8zpXmNxad6idtIVA0IotdkNgQvIglDzZ2hbR54xDr6xmBtZho3oUXZ4GhrC1Txbp1GKCH0IAwxulUh5qZXe1PFD+n+e3CiM9EkKeT0jotCPHNgVe+ioKj1mhFW+V29UsivIpTuqvdP6Jw2TschWuMKL1VAoFFc+ITxLrpTsRWz+Aeelt5nYC6lMjsuSN1vJMiOF872zKxjkiWOlRD61S2MJCGG1YqAJu/bPmvpY4vXHLOsHdf0PmluB0FsA6LVcbsRZ8b119N9d6kkjkh97OddvSBHPDpJHjEipsJ2AR5Bq7fULeWpccuuO6LrLocdRb1/bQFZKzZEU+bmCkisrMFmcXLVmL2gr1jRZF+wuPCq94sXMV6/QBv1riA97JiI4v4aP7bAF84yJY5MFfbEYNljlEtiOSGLxLW+KscHRdp5N231iLxMDutJy/qdCaCnuHO+iZnFqHiN4XKqRYhJ6bV6xV7QRDIHKy9CzxaxVCrBIW7GapdVBQsbqY3MpTC6THz+8nbk6QV1bpeh5jH1HlWnqTCWxqPi6eWa6W+YomwtWpifT6r50Hy9X6Q4igpdZM+kVo/TfYGtRQwL9j0SaiWVlCjcq+krZOVxTrjbPsv5eTfUdcz8fg079Jjct2jZuY/1VZXdVRDvxQBVHj8fzK60mLY51xa+Yta3skVMVou2ZzV7eTPAJ9uUEXS+Ik5zfWylVQTP9EhrS+efnbW7nKnQFo4dr9biAqAzGN9MW9EPOPpJHjEQospzwzCDS3GpXE1C4NxMV2XIpZ60mNjvrKn1uz1StjHVZtFbAwaSHDEWGbopCqrKPLHXUjJTmfT4oZ4gP6tF5vl+/S6TcV8Li0J8IMPHOj/ADnv9xXmqSldT2H010v4f6HkYP1tBx24YWFbS0TXFx5+Q9TQaexyGOcXsvqJVWtSc/uO9Q5b0lTkgbHWrHPO1OXSUtZ67Z65pIKiItsrStEO1+ctzQb6hs3br/A+fts3jML4HMYkA01P0FzjtfW7tiTu/mPc3O6CVDoHpsrvK8+KS4UwVA9SzWK+f8iI/q7565v53lQ6hrp3S7/PbzovsnWKL71y9xbAji5BO4aIRNWipFWGinP2okh9ylcw778v8x8h710D416/lZl/j5pzZhjS0c+vejv8ge1MFniClW7gDXRFs90yk+CMbpzPUKbiPoNCVe/L5klyZ2lmCKuraFJJu8OeX9P5/oAMb4z/AKViOWO3osben0QjNbrZ5sU3s1pKYOQYa+30u6HFuAT7C0FjME5iqGOQXYTaoH6cRDj4plWEem+dFPdazphB2m48o7uTT3CIgS+hRwy4Gxgsebyv0KRCVxfwvaEmkMMc2503Xdl9mrVIu9JdoV0CidB9d/jHl2tHSDy63WH3Gm2PhWWgXan6GtvDJJoaPDrYmzTnHVjrNjDylXnj3LBSN0k0UE+kgWa+8eUKvOD+u718sdn7k30gmoaDJ4zh+vEpeX3+1da+K/pfuOovo6MXU2F975v1bw7xaRyVeJLirNyzEeX2xFJ0fS6ct7BwXP5hST45X5bViulbu/ZKOMFV29D6WdIDhP26dbaMjnYJtqmkutmHE6nqIvlf6y5qpzvyUwsNR5X5N6C0lshHxcEzMUhjBahtVExqX71if8rGzA9Aot1q8nXnsCGSUPR1M2Cv/TfFWKtMVazDqM4ulNbI7PRMiGc19P8Aab6TMWdNp9suaLdrMO1lxlNKZI5TQpulEu5xjbr4cXSaEL2LA0gZgG5ntVbBasZtIJIoyDJHNpoaU270eklfQPFu0H6NTDvoj2mJtdregkg3CH6LKGJ4v4ZDwi6cv6L6SrhMg3eto9WfpWVWfROddFqUzWSIDHs4krJpw2RRBAKfe0JcE5K81rN+5qbCulwp93X4ijzxkTclC/repmJl5I+XpRJHq5hWu/Xfzb9N9GWzGRe7bpqbebm14/5l8pWmhMn+gdKq7btfo23SvPV0WptPuq+TJqx5rnqlqoR+g6o+k2LnvP8AzJJ16qsuZ458vB0UEo1snNOi3+wEc2vXTfUTdYDLaC8SVaV1wqQ29LCKduI7LVv49+7/AI9wfmFceBs9DAFS2D6Ed6T4NIsOuJnSWfmRIm7afzYuwpZFs9oUsGlLk1tzVGlbk2WpOhiJZIbudFOyrNjXfddBo9u476Wx0zqhswbRb2klYwB28thFJFlsrt9ozVR2iuGuro4F8K71wtHP76G61WzV6+e0XlLU2GssBKjQsm3tXMDpdwpqxOmXtI2L3I+dtFN/ONYq2E1EmgH1BDJSeT+Q86Uyj9T9jHh3AepQV0uzCzLpdGv1TaxTxrG0KHLrYgOccfsF+zf2us8N613kHdeKNZlrvXOerB+d89JDx6WdcsVX1s1euyDkapIx/RtDIoHeW3UOpc5sR1ch2y2Bv894vC1qw8izz+VZKf0Otam6o7NxCXy31mh5x1Po/qTRkzC0aVpVd56D+VlnXuSYXz7rbCiHcXy7ghDLQNioT75o0G+gRXu6tE5S441RNfp/qLnvIT3b/X/aPz9+mMvA7k35tXGNXpfzLOAHm8KHihjM6B9AU62a/wBb/MF8is+N82RNHWq/gLL2XnectUK0730iHAGU25W7YdvAanHYNx2TjwOLlXdeobZeLlZOb3/meqb6SbY/ers539c1c1U9HjTR7bYz6/UiBgSexJLfpp80gbC5G2Xdqdd6wpTM1u7kziMRFT7FinptYwxh28lHTrtX8fU7NvLGT6FBHvEF3UQgAZFjNQSVb6a4vdOc5POajkR6PWgqmYTwKVMUMUbu3U62RaeGWIBMFQzCJj3sVnfbSaa77aREHpxrsnIWVY+58L78f5ZySA/KjEaKzQ7OHz68v3JOZHsqFnrcgsUlpGFukmUmQT2/IuhofQgavMFAUPNeEfcprHctOfZ5n9OLW3S/WRVVmJ0eqrDZlX4G85jcpro8Gh9U+A+aXirj8zpnGNuZfoHsRcOc9D+WMdpAv+hr/wBh2PKeTfUQuvq/GEnVEnO/KqxDqPSt1cc3bMI9CsFG+hdXr7MEXV3Pqfx1W7jS+b+BXeiSdmTPxy4NafQlWvCgt8UFgWn3AiVXrUTK9r1/i6wCAK0ydODZg7aLwBNWPWN2ZhzjoPGfTAtot1NxqnOD6TH1IFnxnhBD17QoL1zbp2xm8yilzznS4vdJtxwLFrZVtZZY88Ar7MlTdFxrCzE6fnanNFbeW62ziEiF7qGLfRduBUzVeIu12JOKwTaSAnUWcb1wxyvPBpIRw5KO7dWrR6cYxhcm80Gory+hnrO02mPRptoaWmOadM5uwCqds4R9DsfLeYSx7pE1pdsX6fOFWJrNs/MRcx1RtRiDWbTSlpX5QmLLQ7/X13LdduH9CNHf7Hxep850PdKPyPu9XJ83Gndr9Pt0bNrkYCgW1Vfkg1aAMn6X1PBvmvr/AB3F+aghMu6Lc9efpE/h/PtdLUGRfQPsI+l0LXzaNLdqcd+vcf8AoOkSj8vxexx/yRIhvQjClK+7vz++otXsvqmqZ9pfRPzrYtlXP/E7xNzu8q++hqE15bjqlpG3M988nU+PmG8dNHOJhvh9VRprjlxdnGXZOK1BwNm0wuRNfurcyuXLdu8IAYY3Vl6T46bHWSxE4ellLbalpJIui84vbYqRMNPhb81sq1qIIZO2UdBjFQTRRELZQxy9K9AWtf23F866hyzrXLd2rDKFQ+hQwzwgaFXnKCeHar3NoZ6kQRWMUoSCQTRYbBUxMDmrbbDXbBWdPY2XJjGcUvvNHIOc+960emgmJWTm3R+YsBon078qfUj3zDmzIBiomcR5v0nyryRlVdLn6UhZsQ31u6ttTw9ddgFI1Fsy/wBSi30O8ufQb7X3NY3Pr9PA698+YHyr6yH4D2qOn9aeWGtdH0GvVZxQYuUVZ8Dj9FtNR5T441/QGi9Azgc5+ekXTNHq+/tVdg6nsl1sGBWwVuldi0uqAqNtqkk+TRPqe35fz/5YVfetMIb4BhuFWVxOq97+N+xk1+dFO6pk8VdlYAN7dcl+ee75ayGmPtdmyge78/AQhruxcCGDDXgHtm7FrIuepuiygY5rtaFAnbzc0t05f6AfPDJldCw12h6bECKElw9BjVrVUNRNV1Hm3T9FHlZIhfMdRNfaDdmFlyB6k3skuPfT1A2qZnk6fT1Eint+NrXXuP8AV+O+mK4pYFuzhh2gGyGBOKak7pW3HY4aeGw9AjwPXhgmHaHUWMRxqHO1bSs5018uTOnvVtPvjwb7aYwT0ntNbjnoF5qrAuJ/YXxp9hbHy/mOZpMcOLVzms7HEddq2bnv/PaFavMLDXxslwyVuoXLkQ2vpSsc4sZYeNNMPfRespefO3/qRVOt9Ez+Cr/ceL9RRxuiB1GVrtrWgp/O/KdW4l0L5/phV+z4dIcL9+U97yPndzjP0Ur6F23Zq3lX0N1PQEVfwUdmET8niev+TzlYulOrjUSzweAGGrtw3oE7CHwHcrCZzPxihJdN5qnxtudmGyoi1qNdfNEQ9+qPLL3hn5Pm11jeKoZarD2sVo5oYVDp1UWSrF6bVWcCRel2II7ifqke2m9XnOhQ3U8+s9rjntQyrWesayim9c9vTi1QMFJ53oprHW7iVdSqdpOhx5s4m9C0oEvJ070P4bsuTV9Io9x5D6qMNMEDpcBEgeMLH7Y1DGwLENp4JIZHkMoObxe9lwan0viQ2lHJpA3t4wkxOMYO0kXoaWklinmddN9CDwifV81Pn76/+P8A6v6H5jTM61/IzbfzkkXdxBG1VAw9Lsd3+fDXeX6nTeXjlp0qsLrVl9Ry+4aWXXxehBi3fb+fpOi87t19WLld7RgWrKOXkoS9KWLfBt9WImFg6P7i3kIv6nMfMXerXzxNOzqeHV/Y7TufOuP3vzqHoNJqwMj6MxwGrQv1fh7joyuJbLvHs12PrRM7+dY1ervR6wxdEQXD9C0eTcx7DzbC+S8MgAzKjCNosrSJ5ZrNk7XKtbRVyendroxEnadRomdvNaj3dFVzgBvYuat5FUutZ6QfNe1vzfKrPeKFaEemaSaSZ3StYo/dFhh5zpjaBtVeoNVNJcqlaCjr5gbDC3MO1B9qSq2YHS4epQU4bLiw2ee9YgnSfr+ZdOx5OR+ujiEAi3YwCRLTCSOdPjGILIcRxSweiMA4K1tSRyXQga7R38aQMTWNdJYli7S+2paHSXWs7SwyxO2m2pKQoW9cZBw/t/Bqz1vx26VEGfU4TBG48wS8rAC7HZ7Bwy7Yu/b4dpIZQt1JPPbdevFEtW3zPSVlEoF8frd9+W4tNXvdG5tghMNhbqCk5bSUGHfLrW3PR/oSXqvObYILz52tnNgrq7GDesjMob3QrZ3a9xrp3Evcsv122r86M+l/mLoNtr6qstGMY+qdpsHG7FgZFxpo1R0HBGVTH03uLlxG43xHgOCxrFdLyxkCd8tFRuPE/ROV1y6Fa+RVYmkVhdO2dnYnQ6Qwya2UOmuA+K/zgO9QMlQvo26zEssYiak+GW0AJgZLtvLXxNIs3WWIbRVtiyyyViwkqpOCOxdnO2s3oniOH6jAXSx7JNAMVbRZh2qPT9Bi9WFlh5z64KuLW11IRiYb1yyAYiuUwDOkY8e8PraCzD296TTVsA0eYSw1LGlpOmsMi5Zcxb1nbGu1Zxvnw7bwyikqHwjuvx/vcFC0afZnQfJfn/qn0a5Q1Pm5Z9Ux1n42pX3hycy/x6sYg6OXp0Hm1vQ1YmVdl5Dr3JtbitSzk1DWs2ihsAGV6NoVF0eA069yT6IpzYMLi6W5WulNg7btwiN5MHo8T0h1tdTbtlsBegHDSE2YVcbvtbX+YI5+nVtbnay4Gkkv1k1+Xb5bt+xncssGj2Nnk48VVTonzaTSqcLefoWo9cob4FHL8pg9hLVdI4DvaPex5kWkJ5L3Rw+fVjufMgJdFMoRCbhqnFK1s+2seOyyh2eoRKxkvbbk+kvdT5+jWkT6o2zUvc6b0H51ujBuyhl+x2htwmCejKOOx9SgmjH1+lQEQ5NMitkv6TH1nAMROsaJzxGtKVys6LEsjbnFy5r6nkaQS+4VBpN6PMRSxXOJgmuAWPbQZxxCRz0l9pK0FYGRHfx50M9Yh22wub3sa1nM8BNJ2zruO+ghMJa1n5N+ieb9X8d+pO5VRpXDseiXEEeSDERXWi28aafnKLc+ab3NnsUkN4ta03Xh+8TRNtWFVnmEV6C5Mlia360hHFfPongXdm/nxbPeY2JQ6dZ1ZRpklySrtc/CeorbToPmDHS6bo/1Txf7lxM7hV3ER89mWCjoedVJzenWRN1Foz1zk9QrLb+2Z7nwwJ2Dk+mnubEScf1BcONdFe+mVJct6z82+V8r6zyTq9KiCc4t4HLdJx8V9PuUfGbUJiz86ZVk4cNanYyHCUuBZjnpFqeuEqtnoC6pL6bz916ndOa9FpSoecF3RU3VRaZKsxa52/59ZJl6i94J1vN2+yc/lh57rQM+2P0Plx6npcfRgpaJmTkCTjNbRMQ7+Mofoouf6O8xIbAX6DgjXYbJBwTIckSY9cA8UsQzCDTjnrLtHuyEUCEwkOs+9T0Htcrmxj3qzMRERS/vZ1H7AxARK8qjgu3W/GPpCxcBp18D6tF+cehUZ6or+azjp/QZvJWtbD/Dn6DfKVqcpvXYunGF8nkdCScV21UzbPAJUNbPESiYhx6llcpsEeE7BxcXS5vv7L4202+S+lJ/nfxs/uXJ6eiHq2FPJaGQV09vCVLpPUuILFKSopYCli0MiLJvfuLfoxTT/Nbqn0U/LsfHtvpCDBzfuXgFh7fnZX5uSfdnyp0FK5eeKa6PRfWQw3PeK5OMuundKpW7KbyoLNnhK3ux0DWifS+SDh+vPOh6vut7/PjPOgY94+mea3/rfzwrXp9f6BUyC+d5Oq8u2NI5K+q1rXWfnb+w3lnpcqZ9AHL1LXpvWkNmV6eJysa850kXos2NCmbqOix9mqlmoZPKIRBHUke+xlrYN5Mt6s9b5q6b2r5DvFn9+WyDOFM8eY7j1ilipdfpvGxTbWaRkadj4i1c6RYrPtx5ly49j0WMkglDfbbG1ZjXmjEomfp7/vfOuaV28q+g+aLe0U3vaznylTu/rfU5Z00+9xK3lfZlID8y7TgabfFdEMgTY1313FfSOXWYjzrma5xnM+0ENktCzVgOyCPF3MeV57LfgLCIslS0DlN1DrWM0silW69JRrIHUKNvGxaY7fab/wDMGr9k6f0b5O6hboqZy3734LhfHPmi5U9Onzn6JO/mH6V50nwTyDtnGOuJ3GpuqNnoW7XnM5idDIrrmV7OvoM9JFa1gami6Z1BoajciudMABaXTbBavQOOC3EREZolqvVCit60OlW3uR/HQWCJ1QqaPrp2Zu1IuwJ0NHZsobtM5YpmOJtC512teFWzXb2PGyUsVjKCwjqksMMi/YyxJxZs5xclaI9BO92zkHcMn6UaV7YO5mMiK1IRyIBkB03haGVLBlgeYtASRuUIXWcZ8OsTeUUqtzJYJRSRjTI76DTgkqvv3PStPmOyiI0nQfKLr0/5gK9PTgaJbaTcFiXaLayM56Vd1Wy/E9J5yRPLnvhbFSVlbE2xaqfzbe1FWrrb1kcjWWJUzNJrRpNFptZ0wugc0OD2HpOoxA1axFDQWD2dVzNtbBu+JWc5d6h7fTm/rtA6LQNW+g+pPminc7xfjh9bs1LnP6l9nfmh9S473y4q206Qbo1GvR8Z4fcnnwqyC1ZSh44sXMNPa0DNCx8Od3UxgRZ8IIyesclf3DFj6NRbkq0l6Vq85j6CDo08to84eWCB1BlNplBwCt2qsOAHZLzHVYmKlvk6+mc6CJEraKt3JhPXGrFWHrj6EchkL9NCMkU1JmvpmyXUzt+ocvdZPQ97kAZg+heEJE8TQYkahBR54GaTbwyshBDIDLRlOFJS0kO2q5skizUswnimDbGd8CuOCYGega5lWmUuoL3dI6X4j0CThzZu/ajeSy1FfTKD0BaH6/Sljs5+TfrX4rj1pKqzLmekc7JNhEdxptZq6kQ5n1hkre3vWP1Y0IO0KFi9tcgbYfVz8iEDXHLpLpHooDYIgYViDcOu/tyjidr2A5venOoYrey+Z7Hzr1QpYyWDwTiTjYI96RNDoiDMaj3TGzOeKrTU9cU0VwBCRba5bUnu8rmtCYi1e0+golNDiTXoTSjPBoOtUFzDarer6Ze1taSzcbd229os5v7X3vYAMBfV02BsYchsps3L0skuDGNaB7M4mzXaznqkYicfUN03Qa3ihJwHWnrj4u3VsFjqWGiV6ElWUOl+iiKzXMcrS6/b+U9YD3okEkQ9nAhQU2DgmFYoRLBMyFcCVEWhOfZpfT2PLllLFMHJhcBASYimhHcYcqA1Ba3Z1LAC2HKnO38y6QNO5f5ha3jjkQUlUSVrd0jW/wBIsP56/b3xH1/JglE64W8v2m357ciMxMuaLUnWY1zJn0aYn9Ph5pJve0DPChmLWTW4s4m0mNRyh5poIaPcemdtiDmOFY+lZAwHvQHfeQ4ooTRr1H0Jx7wu0mfeijMitHWK3feW4RNVJm3Rc9dLrzvq/GdsDObqhrUXnfTkWjzl7bIkee+aJThtDFt7DndwCK5ManKt0NlY0NwJV+NGuEqSRWFDZL+sWSaQj+i1lDnc50CsS3EWPzGrfSvz1r2v9coMhiP7NSpldO60wpfHbSSRTDfCMFI9d0kdoG1PPUT2tlitur0UVpUM2Nque2cH60HqXccmlesjDNCtIgJoh6STDyshWQa7lodNvAO+NsbBJKWMcG5E8coL6xS6VsLHPAaooRNL1MZRUZF3Y/KukOr+vjmaPtZB1Th2zVqArbrlH6FrZXxrxCfTqeekjl1MKEwAoRSZozcjWj2Zncp1CHax+5jokGW8FbBanx3GoWtlhaj7Z1MGTXfEe1GJhmuBTRSCjm0mtQhqqclouGLhvAM2JjC0GOGmIdSse8Hgn1vRQMBr07Ry7CwShUcM+llT9F524wtPpcdJB5/euNBcURrnWSgPXZzZgx93wWW3c8Y5lrMx58/uRusWkiCW/q81B3Ifn8zq3ZVXV+aZQ5j+Tn1L1is1aq1v2ZEHYvU5idhvoOgWnll0WdfBi6rdUSWGWvsClBHRdwicJmlvN1DSlloM8Lygu+cZWiwulSKX1Ox6jkx9BjDNCJIYRgzFNtJhGQgZ2lvQ6Db0Wj3jyuU40I0JJ9sbBJtjKkgGNWpFN7n5S2QZW9t8mOC3DgH39zf6R+d8bS3GuO/O9BWXMvX2FWnzX9UfnZ1nNcjLH86sZEsX0s4MFJNUosQk4TpQpTCLElkWPWgLWp4vsM22tW7gu1rq1srtMMc2hgyRka+mKMuP1IhjhLViJ0nmmjdWxaXGj39eAptJC12GMH9GuJNfei9JiYwMeKSqsi3Pg49MlaqLZkUm8kDVsLAckWkhdirl8/n+H7Nu9ZdRF+rUYLZDaagLcrSe3M7q06lkC4ElvyI10RgDVu3Ro1FgzAcxI0UaLJ8Vr6Vn252AQIwYa0xk5PVVuwsmi+mkgbqGWtzADlzgMVjWtyljRW2rhksYCIgyP4wiMemSbcDF6KsXm3cW7MbttRShJ1wYShz01gkwyESMWUlT/Z9WRyNCVzFFDkivLjPKXMg2ghifVvztPBpFoYUq6HcV93yKxRX6dv3zZ1d/Oi6Q4QcZ2DRly2qdXzf1f+Vf0n8ygJtj3ieFJ0iixso5ZRSSxbErJJDtNN8BTWgYWUFNy2WSo3H5J9Rr6pmsUd0xjxgkbYzE5GIg9HoiIbUjJgmrEhQrJ5VbJvn0gSekJTw5Q1vR+3xMY9tiY3ENCvToay/CKfPON2J3rFqrvqwNfqdLXELi2zXRLsWZbSGDdrVApstBq+pfONtoT6NoY1bxq9nUjbrEGrdAU6RIDWEmpqlL080o3VOH1PG6Dnf1/wDKVhTC255f6r7TfbZJX6WXfG6x16lmt2MyM8EwBgW6lrSxahqraXyaAaO1d0zEwIk5ewSbbSxzps07svGHeg53AMgNf6DCNNAeuQzEjIFbYF0Ss22+R2hnjlAQgiAoRNPmbufz133xdqLtF2fyuWGaP3gJ8+rOblTOvkF9DWFzZ6Vpplxjm9Ex0IWPfDnEbXVK3zDLtaNFZ0vpLmzsYOM6e96VeSnizXTSKYjG9suyy6Ly3qHz/uq6tZrOe6DSPaEwTPRepMsWNfTPFLDX2smJ4jLJeyfVB9v6PBTRyEpuMZBMx6SxzXGM7TGQzAyjsm1ZMDxT2ASxSorKPrkhr7Fe3oySE93BFbOFy7CwkDcrBNh2tiVOYBX6q3feX2tWvnOzVLbdovtLySdalSq7graX84gmWuGhtaBmm4LBbcRBS8wDbDbfVUyUA0XYzYDwTgFEbKnMW0WOE7QMGhmU9Wx5IGQmNFDhJx7LpMi1RlThTr5/ZrJx3ryn0XSPeK2xivPlDIA3YLi9M6TxDvpLGQAk5UJAycx4p07mH1T84NY99dzkt4J4ZjXXeKPe+jPnL60sL6HsKxnns6enMFZXS+n/AC/Nvij3s6S3t8QzAzcI69d86bWr73sRK8cBuO5ABai0GxkQ0Jm/UC38v00qhsq4TuBopoWFyPejj23sZpM8e+tL7S6S0nzhK/cVW6zRT4OWMgw/QkDe96KeL0aezm3sgsQTDEVFSTxTNukSzDh/XQYGPKmlM19W0mpVbLWvlcSWQ88+lbauuFsG+M54VrXb2kV8aKTznfae1xN87RSzMypksbXMlDIDEleeV1sRq0xcQR5gDVZ0n2cqFRhMlm3m5nCMAQd5X7DW26ZwqZFqVCUOamIWG4sQ4SOVGbISAUk5T1TdZqIG9C5+cvrdfiDIr9E9DvuxXQmCa1NoSIa3jLgOWNOT4aBfOdWYrvsn5YMmgIbQzrLF6IofY9MP3B8QfoPIunljz5zR83ph3rnw391/l6wNDtiV0GywrSti5dNy03zr6Y2EIUVuqf15sG0g0+C1MFKXRYh5XW+TrWRRaw/m30Sqx9Ir7K1c1v8AqUNG90vSvuea3heMld3YgKsaWOv2MtFkJEfvLSYZmQbilixO8M8UTHnHpgleyXGogf1meeIKbq1fo+waHfKvzany/ZOtVXS66koOz8abIZ2asX/J2eNrTW7+Q0t/nGF03P7UpsUXwTFuo3pjXe07bR+paVccscWIMWsRV0rtgrjgilrFRYbNqgfquF7ewmVUpZqtrPiZhGjuDYa6/reRUyWnDuUPPWamKUK+plsoZptWIoAtJysr2AOkiWWGwAw3vnJ7p7qbOvLrxOoYNkjq9WA8+BzobqQubep2HjmpzPPwCIPrP5tKmhlIOXTeOIA309SSP0a/O79H4paJ4Z0ztZNVoic3/N/7P+LnwSFCxMBGYgk1tLtHkg9pNMz6NKySAZjeIrPFRp42LIV4JcYi7Pku67H0Iy5TbeY3eg0PLm401u5hySDdY7TwPnUU+nYudR3H3BelUkoGa+2Aylq3Rq2I3OwejRJaNAGv9KQfg0IHAaLSXW1JgmAJPVUhhnS49PkrVgZ1gqVnyNLqK7U/lu105102mHo6sqRuk5zhgXvoI2A9afl6FefKGxK64xqM3ttcjn2Yt4mVU1TurbM1DSldK/Yq80MhW2USIl8odLOshpIUSqFbZVtIeNANFddYq5ZotGuYLWQkkjF1ioDsRnlg2YDJRp0YIWm5WwGa7QRIZLmS5hgGqk3uqjVTqHvoIRsu0aXpdphWwtT0UWIFXXaHtfkKQUmHueCNngKIPWGUf3hc65H51+j/AOcv6NeiwFiGpHMEnADf4l+eLjT9VbZQaHXzCTOS1ztptakmNdbVCRtkiTpdirlkKIneGNtUbbaMRsabjrsdEgs1J5jesnOiDgMMxwU8ee2Cu4tTa2ctaVL0ZtxQ4gnO6Wr0no46PpFwnuePWQgbq4qMgiDVvqHPVdZLDrJj7RIJwUeWkpme9xsMJRZBKSDhBk6izpFz4rviq1Yq8EzV4ifKM1KTAzyb8xewz3E7ZM2L7T2NQG3xCsuuwJrDVjPZoNlzKTZ7UhZi018gGR2TyXSuaRKIcwi2HClo1lM7S06DDBectqL7JV7DM5XHrjhMJVsq+r8E8DgBTQ2KzDkrSRJxEobp9NElurcKsRLmq0ox+ic/Gu59C7LoA/QC+WVWS/JWAieBLLVVOzU36h81EGi90HPOc6jFqRFrH70Ug5AvPv0Y/OX9G70sbFc1RYNot6+fK2+B9fD6KytqkeBJPpjVkG0wksxPDqNaR0zRUg2c/rzkwmGYSHFgNTIRl1inGEb1i8fyXSsbFS5LgFZb1ALLsHIs+8ltyKIFU2+5XDyN+7Bmjvbna0Je5JOX3+0RKlG1T3Xs/KbFcXM2vcOfJN08csPI6AXILzc48QybU60U1Vt1LD32mWbC6R9X39dwOjaWCuvVWanULWk1cBxZ6FcVjwNKg8E5uLWYH+bwclaM4touFLVUUvlQ6AAQXJJSynBa5KxQZihaVeGKMCW/rKvqDUZrHhe1T6WYsYvG7RU/SNy+3BNGOCYuCUVq3BtEyKNqrZhNYtx90nUqhsp0s9i3UtlG8rWi644UjxIwuCoii3syzPkb3D0bTAUDnPVWsu6/9v8AjoA8gMUsYk40+KikimsE400ef/o9+bv6PkBZmi9lnNGfFv2j+a97cpRs0rAjmAhlo397DK8O+u3rRwSw0tArZLVGJGqV3Pijw53V5JIMTWQEsEB7fuq25joBx7MuHI15xz0RO0UuBWwujMw8rNMBHAoTdixnAycrsR4TU8W6LCBr16FVFDb6aBYGF+sVea5VDy5S4S4HWSGM1dkZwSgdDGS2VcdW5TFUau5dq5YK/wAp2h71FYVmKKoiC3eUdl1wU+E0dIQageSVKxuZYbBN6g31l539IoE5HblVHuR/Bz8p+lhJRV+8Nm1PJIW3PuU3deq3o/OOo5T1KfDrVukZSrT1elEbKm9zYhzuYG8mNBErMUkbQNmC1uA7vMmqTaZQ7UaCZjQE9VncMwW9BEbtK0vVPbS9DhWJsA1wNqyonVZcTQoX9V+s/LhlxoK5LLFERPpY5opoNnOK2e/o5+cH6OmXuxoh2Y2r/Kf9AfzlPVfPEcWuxME5abY9gwo9se9McEo9CQLjQk2I26lp6TyIjX1NdyUXvS6DyrM9BdY6Rxn0b52Vd7rwQcKI6DqbNpA11nsKoruiXATfObDc7Cruc/d2uKmgD4yODKqteh7L8vbWKpNc9UbBU3WjzbF9S73E1LfHsbevFesyLE1E6pgN0/HKWmZfWNN1a0tYUXlHL9fa7BVgFGgk8QW58/ulGmWM52sdmNLFLmvNLmBI5Brnc37n7ZSsqKRWz6KLWVljchxgI4UnXea09i5VC+5muG7eYw99YA2VM6YrEAyhdWihrQkEkOxRHaSRCJV45IXldm6h0sy99HGi2AoaK302TAEtVrYYgUg4ErtI2tWZdJt/GtDBfPz+1Zq61o3W8utQbQ9txGRZoRXaMlDi3to5Ib0i9Lmvif0j/N39HCD6GaIRmtfIfxT2rkLNd5vSGFpLHsSM67R3p73tImKCSAdoBCB1mIWyKUBbWyqzbRTLGywvSMFulgvSev8AFOycR9RJE29m7Yy99p4dY2sg/qgkehgu2IoPTPHB70TxRQzUqDSORx1ewIrrUlTKk0uJcv6eTNGDYaYTnSE2xHIGr+HyjosFKTFLWz1tQ3jcslOF2Y3lPurtUsffVpBO8XampbJ6V4FHgq+90hRXbMjpeBgBsyS0YMD8c6RZeVyURPZvD0a+U2VAva+g0V1z7zUVjdc3R5alcJdpuI1edHonCd0M0UUsBBsIJIB3ruu3nldG6hoqd7H7yboatmtcUYErzwMbiGhWrEjdpW1a/PpJu5FjxnGNqwc6sUf1D5nX5W8byC8cheK5T+sWn3tIZoy01nhgHayfoJ+dv6IWF07EapM35ZLunc0YpjYactd9PaXjfGvp9vFvH6sMM0I7jDFDrnC1ldBKc3Baa+cqV2NcMip4BoIt/wCtce6lxv01n5dvl7zHAOvoMhFHnxUAscVJwH61SMBempUY2kVKiFgtSVSSqsvT6naqpp8Yba6hDNRui8+6Hm6+7GYRHim6V1COBpm1Vkoi/rlXhyrB3+im2xxNpHciHYmey4JEEZNAYWaatSHqkZSl858+ReGK+Yvga4tRvwAZr9rgOU1Fz3cYLElataOWjzxmijbRgvAzrQpXaPVCK0Xs5gJ5XnYy7j7xXqcMSLSyLO3m1oGipoAzqL2yjgIZgbasxy9kI0oLAH3h0jpE2opkhn3MqxAnLpqgw9h+nfNEcLkalkCxsvSY3tFesd6xaSRkHrtjNZc/oP8An/8AoHcd9wGxxtL4l+auiczdX3zFlsE2uM2r72N59tDLHMQQlDjsKOQOAoz5I/i7k1aZpIR6kgRaRR4JVroPR+eXrivqBu4e+fsFQi+9EkcEFqzYH08OXA+JieYLSfEw4h9WYf2s1FTukBFaBDOPocgzBIH8aW8VC55GzdalX/X4B+RVrOoVaoszi3vBLFwz9GqZsmd9AGqnQq7cCyd36PSGTskNapN8t7+TC2EUJl1bvYBV5C5pAspNmcB1QjAmMxCCyUXqUmcpb0ZtVLNVp0JOKgzDXniDUS3aJ3XoVOkzkZY9No7QwDLDrKXSbzawjVQzEZwRAQk4AvarWVpGq1oI+gpoUwKgsFeeSVFin6+Y+CZJNnKEGJh7fiVgb4Cnq4MyXIsm2Wvvy01ikjLTXbWOvrB+g/5yfopcV9otllz2fzfo3Q+et1x7PrD9tjN/Z312mMa5x6NRih4kIUsVYpdhVtmh7ba+MPChzikoMPBF2r3a0bvhfq2PehXcn01i9GYSBZpjMO01xFvr6IZI8e9JBBLMaxaRWHsmY1o2eiC30b5smHbSjL2zJHOJu0YiTXS4RzIJhaX7znpYbWQUUM/mNgo1tD0llJgdcv1ld9nDKxJy81Zpc4SurR6KTUB48SaxEmM4vWQUoQwVpwBpgZVnrb1MTOE1qNGipqo22BLCRagrdjrutn6u0zeIAdJXQjRQTi3q0EMFGRX7MjqipktPAd8QKQm5AtYhGBszXMaE1BMFnwiB9XtBFYyUtdbNstddIeo5oL0ibpeaZI4dRyCIYGgzYm4ZjgNdNo710i2jpbP6T/mr+kFItDMcmk/nRzTq3KC+22i3vTbbXafbezi1dNtfROYJo5gGAmNctj3jZvA1zqtmIoZoAkyNhkhp9UzpJw/1TbXaH0+3jhmNttI4pjX0do9jXX0Zh9HaMw409SWDGk0xTrhQ2Mpd7Ox8X2MyUauJmuef6CvWKjT6fAHSxS3vu1r7NyzIbOB3VTZjg3SrLzy78b3KXGMz7zNecswA3Tt7e30zoBjbXHp9LrrrNZxCAjACNWnML6rmIxwTJ2irWxWp1MtCbz0XYfm+kzWrEh08+NqmaTEDpA6CfwhAVquR5Bx2XbjaNLjs1LgZXMw2yjeoBK84DGiRmMsg0w8wHW7FWtBFU7QvdfNZ1giDtOMA2Y66uSgiOWLkjXlyItPZyN9BUaLaH3sa+9E9Y+t+eACr9JFqWpKfAnGO/wDAZvjfXe1c76bXrJrmW3h8k60mCKYafClgPaXKmhiZE02EgtXRHnybY9vrN0yt25baScp9DH3xHNdtMe9HvZiiuB5o7Trpv6KxQSRWoPjbE09DjE0hoNwpTGNrvHIbN2OCcrP2OWLfC3KMyGYdRwJMU+9JXsY5JkkZluowliO0tIpvoIs9eUNvna9uMWH52sI1UsPem0IRhO02XYoVlkKWPTgbKdbFLzXFu/ztnTphdHLZBBQ+8ZaqRe8jat4+B+C+gm12w1t5LLdYytVa8QvBGwvOWWh1FmKtlu4+5wQsVLEZHHtNlmY1xi9gBbBaeIs0foo8JW7DW9BFW3SMeiw24keO/wCC8BOr94MItckeG207qGDuqN45Om51JKAaAu3VuU/aFPcmsvzH224/tR3SrWcPx186/Tfy7U22MZmufYzauTQCb+ni20tSMQoOlhLRWLLQk8gS89G4acoV2e+V942ulD6tzfZbe2j53so87emuuskHoxr7X3va7RzHo9dfU1hmh9WKPMM0xFNDYSqpvETOD73tyq7Wes3PO1ivY2ydZHPtp03DQZiMi0zZQeEu2uChGX62ywVnmfmjuL89kci3m19R5jbRFspXPVdCdGDoWhw9QoFOD1cOwq0orC7YNdHMFwCxVuRC3sGfp1R1dU+LvTNl7LC39hJYFzMa7Y602pIzUMvVBcpHAzSqmC0g3EMowyrcaYYWgPUs6XdyX7sA1/lYD6yjIt8tF/S+KX+bMfUEMT8rVr7LGbW+I2/12ft4/wAeafZg29g/Fw32zn0fDaf72GCX4vtn1wXgdD8M7fW3xT2nLaNQy3B9Q6D0L41BaGWNcel5c8OsKLFmTPkGgp7OMmH7Ps2jSXSCJYRgR+g4HQYJGrDBLFZdoNCj0WWLA7Vo4gMRmd+p1y476PJDkVDWnzB63pNcaer7Gsfqyx65n2umI/V3H01mu0W4/qbabCWFUgJoW+axNCTFs3+kXrJ24o5oUH1c2/trLmJEn9eYoOetjD02sTZyqPpF7/JzmG3um7crG9HWo+SRejrWlHu7CK+ldV4npc5Nqu8RcuIbWtpdbDbcrYo9wPY4HQxAmKlXGac2vzV23rlgVblHYBAMRXLBXXktmK1h6oLpE6GXC09aQbmDeAd11oq/6W62R+Y7DqnJl2+1fSHzV9KpYx+Z/AzoME7e8NJL6fQ+mrtyOCfkrqhej7HHNkXLR7b596LfaT0az5kYHXfzH/UD8vO4z/dL5r9q7q1D+aiRfWkWsg70qM+NsXQaOgD9JPOfa6C23sYmNo99fe1130rMUE8YrOWStm2LXO+1/Rgs11LKo5RUWujslp3F/UJ444KlJ1izau+se0xLBpmvvejxNce00j0ehMNqxem0imFhiu6tPxnLfN4Khnq2wuNXs2Jt4glHWZpmzHfoMRblrtNlWW2/vJ8t/TKj1nuBlOYXS8OT5XOqpZnFhoLFzxGUHXaTS8zUkNhjN3F+WWvoFNgaqN9Dn0V8v0zDZURERqWC0oz0zlPaGL1NYFGjBShVz4rlkrD6Pmaljag7ZG1GSVaauvRvLePvrSyvzr/SZ5Fuc98wfMv6bx0L+fH0dbqbzt3mYvZETbQemZcw7WiSiXbS5/la23ezO9bavR+S4mfaCS3t9495oTJBKwFZ+W36mfln2aXRe5PfkPYCqkikbFJBJHaEO20yRY24RB6maa+ZBvjTPpz7THvZjzHWcbRkjuyPCLZHvnOpK4UnrhzoFKOk1fG9df8AJfSMa+yJnOum0xmPOs1kj12icY01mu+0O3vZ9tF728PoZH6nWqpkzVO2Ms4U0pEFHXj9Q4wd2MecahVm8smuhF4veZFyVJ6V0pW1qndC4n0XR5Hr1C43UPU6nQURnrtzyd8zqxLZUbPo8/W4p4s3fhxLtX0FgT2NM1iSuVeJsYMCNkcStyNasi2zJL1Leo36beRDBAFjq1mq2gj5ipZEEK3SuRk8sYrb0670/pWn0P5rzqxW2zaeTxYm2lzFNtYe/AdK/wBoCOX0q4vfpm9ImJuHNUrCXS5GQ2YoBnGR7lcC7RwCSyVqy2AdvHJOYD+Wn6lfmN1qn2V8QfXHyJtin2i1aERrBragc8MgbG50yasmkWJif0OJ9NiHMe3010pO3aeJ/oFm6fVgrMn5vo6nyv6BGKL4V5f+nfz5sZXx9rmLUy7DbKZbua77f2mqelvrHm1c41zMbxei9EseNJjeUfERNuNtMSx66yOCkXKkmyhN9ZWMS5iderXopzMA7nes1EKDqTO+kmsrJvHt6ZpB9/SRsLtEokFyqzWLXJrK6jyaxBYU1mMa6KjEkirO1yJUZ0amiJrrojpzXWq3rLd8A0hzdBcziMmmBDgJqwr7+u3obYazYlz7izhrl2qtlrOgnkwI0lAnSZ/HhlTpTen6Po1/a+6+fcuO6USypxvfq2s14bFfKFx+xjarL8Pq+hlURP6OnTccv3vWILmc1y9RxTlci6Ydzh3RZ5LSNiktrbm2l46iy5F0m+eZ+aH6YfBvS4Fn+b/pr5f2xTaQR38V4bPvZmFk94rIuSUlyP4cz+H9Mz4gxHiMQYrJP6Qfmx+leZq3AT1FyNzpyvPIvV6ZyrsPPL0+C8badfybK88/vHP9ltrmLP3N/R5mMx+19X3sY9GYs6zGmfen2++dorBGVDIwqZdaozjDQyHnx+v2bk9jOqCJqdj9EIC/GEzWN1x509osiWGXKtkiG+CZl2IoChhNDanx1IFg7FhrtcFnW3XdQo+9zVOarrMm2JEzEydljZaMSqzdYK8OMlhLqk0zZQkI01tyYEe1XzyktFzWYNUUuwYLn9BtJLiPWeyNNrAqF31EMsn/ADJ/Tv4dXd99t/nn+gtxlTQ+0cmKLQW1KrSLXUeT1T9x5MF+MVniS6mwzVoPAf6/odskzVezxr6q7LGW0qWBO16Ln0RBg6/Gn2Z8P9Hmt/lz6EdbVfl/32YPQnx3r9dVD0fOcvRaRbwGcZ9GNZI4nHs+9OPe9Me9n3vZ/VD4Z+88rY57XuftQM/TPwx9vflTcX6y0AK/qt/ljPZ6p1nKzXuiWlDeZR52xOrgzrpes8ePpey/zRH9fTWV+PPfahNq/D+fudhYfwXt9+G+p+fGn6KEWH+bNU/VgtjM/KBx+o+xs/8ANB5+hdYJX4hC+luVBNTdWsgGONzr5FiFRwWq1am1vFEDdgYuNA0yDNWo6cpmg1bRqlkWnlC6sSWkVrG10JxPYyRgocDc6D3pXNcKXK6WbYAxBjBNGBtcx+8YCUJb3mK5kG8LAQ9c7j9RPzO6ZrIfoON8TsdvA+vkfypSrj+1Kh8EsaG+ruv/ACDa7C+sM/LnjB7t8k2zgK+lYIuTRc92HaCOG4DfunuDae99CT/OHve+kvfNese+lDflrWffV8fynr731kX8g+j32HL8cZ9H2hN8Vbz77P4RyiFtXqIaG37fLdz+/vyK7nSn6Ba/H9CGT78G+PXN6/Q67kfQfTYQ7SwFajC3gz0cwQd209PA2HZ4L14ud1YYTnx3p9l62FyP87f1qNrf86/sjptfrf8APnkH6dImVfzvO+r+ei0vnyJsozOlz7X0+uP0rxv600+b7+DxjmruH9Vl/GN/NH0lHxTwSdkh5z64+gi0QD1b2poNYKPpde49Q717dT+MCBv0xJT5QlYD6Zr7hW/vZWkJa/e9DJB7wLHke9RgkL3l3pw/eaVGJ96KqS/emjmqe88mVJ72S7MB701yb7xPbB+86rOw97P0dtfei+RPenxjH3lzlvfeXJWoPecra7T73YcUuq/vepVQveQ1Wl4971Lzj3trER133s3T+59Pe4Hezr7xKjoveuxLL7xj5E960i494sgVn3i2rq33i1dVj3iCqoHvVYp3Zve97jij3tPnoq57xAZz716w/or70R9Zke8Am+PeDeGP3iRH73pjUb3rxIw96J2096ttdPeiPij5i97REZzX3vTvYPex+gkx7yul7HvWiT6497Uwcdb97Rw65fPeN6lA+8SnPknvEGIN71JaVn3qxSVfvJsYn95Jgo73rRLt71x//8QANRAAAQMDAQYFBAICAwEBAQEAAgEDBAAFERIGEyExMjMQFCJBQhUgIzQHJBZDJTVENjAXJv/aAAgBAQABBQInNNE7rET9TMf8MV4vqc6cDbTdzSXCdcc3jSSPLsXNxiknbx5VNxtUoKJOAp+RPFK9vFzk1zVOC0qf2D7EJP7P+xfAuh7tN91e2X6499F9AdDndTtsJwmJ/ZToFfyxR1z3FwyRkit3B1tWLoBUD7Zpu9VICInj7/atXCOL8ZQUHMcF8E5yEyxKTTKhlqhv9tvmS/1A/Y/9MxPSnR7pyg8pX7BdyRUPtvrh2Oimrnpc8FGiBKhD+O1XVyHKK8tqz9VzUmSZLJ1EpwXnEiWH+01HRiGTf4avLKFZ0VEeWNHdZBjy73qoUccUc0ZqFb03HhrKCnmWkpZ0dFekg6Efq4rSNERm2SLu+Gnwl43sOIpVIbbYUJqo2Gk6ebPFrgFIeS0ttg0bAHNsjchh2JIgy7S+25GnbjWCUVJ3ErHgn2LTlN815LR98uxCX+3/ALV8D6HU/rh3M+g+x/tHoa7bneHtx1wkzjI/1h37W3qnPrRViuVMOlv436q/YqVj7VSlGrjEwS8lXxPtXAcO2w8xXu2FL+sP7OP7Uvp+Pv7QeiV3i7khPTFPDbgE47GAm1NkTNIg15MKOMCV5caZYOhQRqQ2463AE2IzpqdNIo02mat8UJbRsbuKBprJhtav5CNmI/zMsyDFm0NOW9nZ/NRrYkO8T4LKPpGy5LcajOFNeeMocxK8ileRCmIgtjGT1A3mmBQDfwchyKqQqwlO6t4zdRRl8idqLuHRfjeXecLfMQJiQGJV8Nykkb12FdBZhXZ+PKtrMtwK804rsY9TS0ncTw905/YfJvqXlR90uxDH+5/s9qJeDv6qdzV6ObH+5E/G10Od5O2ytSO6qege9aW8R3V4mvEjwg5I4/7MdP6i/ctJ4rS083rbmtqy+i17Jz+NyH1Wk6e7bfNf1W/2f/VL6fb5e0JcNyF9a9clfQL6ArdwYGvqjFLdWs/WgSlvY0F1V59WswmFRtrAPHul1Gh7xpngrXFOAwZ3lJgzW3o6k2JlOARv9zSRUC2SJF4AWWRlSY7DB3pwZEe5MyimNq7DaRd9dYji3fZ2woSz7W1KhS4jsSV76sNxzxUCMBWYARHihbtCXMNSDG9TJNsESQVInCFqFHU/NRtD6SY4xXVIHmtJ7yO1vHgZ3cdtg5Av2s2W47aikcnBONGadiymN1IAVWlFUrC+Ht4LyLpb616aPuL2Ypf3F6/ajTg5+oS4LeU2uYpd7Kblnoc7v+thcq/3V7Yp+eGO7tZrRJShSDUcf7bH6v2PPCw0F0jOKBif3ac1c4KOMaMHivdKuYcLaWme92m14r+sH7P/AKpXTjh8vjF7cjnn1ySyhhmlDSqcV0UDWpxqwk+sPZbyxnDYC1PrGW1in9oB4uxUUXBIKGI4bDcV152WLkZ1i6ONC7en9TlwccjNZduFuhNs1dyNZtyZdZS2gq3SQ0TV5RJUlm32sklPRoh1vBjteaSpMRiag2SOjMiEjbjLCpVo0O2VqMozF0YlRAWDIXRLTim6cOUD4R4TRtzJbUZhtyUqR5cyaD8RkMDFETdkIgSG33yEZrseTFnNSWJzItNQ50dyNElsNMzFB9YaaXHHGUJTaMSREPwSlouQda8qc7q9mP8Aur1p0kuFIvQfGIY+rRTaf1XCwaO/jjcW3O6RLu45qJOhrrdYYYHVcV9EQl4r4IlMfuM/q1jw9r5OyTiGjjN8firC2naOmJ8d8coqLXulHhW57CNyFOs0lXEMtR10XVxfwN9X/lRPzon9uWno9vln0w+iSiqYW+a8cq1z20UFRXITvlhZ47ukbRFscNZEFwJUEH7tHcZglDkOyIzIXNq3g4KxG8bqO2QONqIboXrlbmZse5wH7e80iuUrX4NO7css8W5cl0UuByoz7siTvJVujj9Ld3bTKuFqi6KRpmSy9EMDbVQcUsVdY2lsjRasLzYx3ly3rc39xmozbFe1ymwy0E3Ckrryom5IJxEr5OuF6kPzOFRASGitijzraA+aE5HJd+b+q3i1pO1MMvRHCbjz2lilCmIm/Th4ey+GaLkHUvKne5/pjDmaSYOjWi6P/Io+vGED9d4cuI0umMmlh3O/Tlp4hnS5ny1qa3l3fX7EqNxuLP69YrTVxkpHhvOK7JlGqUZZMFXNvfcGmLo83TN2bNAkNmqH6c5qYzvGXGlBygqaOWHPRcM5ht9X/mHv/wDql9r4r1e0QsDbH21kgWhWlFxJmyEG4Sb1Z4w7JLHdExjuKQWdwm7A0UJm8yVlWoQnb21MujSoKVHLTDd8wTwtOPgTbscWTR2hHAXKIzMiPQCiTfXu0RN0a6SbnOOtNGKj5dN9GfQIDjiuHHabRuSio9EQwOQRG2WN/wC9wDXaZOWDi3U48xnalpWJG0sfEi6lMe1JrjPp5RGA8rFfbSJJd1OISotkSO9EulseAhaUSN9UY3jhtYfUYsN16UVkwr0GU0AcI8CakRsrrvZ8eYStGWsPs96VOA9S8qd6/wDTFLExzq+LiV8U/V+RU32DT8wj+NtPQ73UpOSyNDzknW3ZGsNurk/H2if9k3+vWKMtDd4lq68nFZiYFepuoSJiuVLJdbVi7PirN2EkGS24lxj+nPEafHLNwHTKYPVb2+r/AM4p/Y/9Mrt/EuaLTJLTBmzJh3LU1AnNE83KDTdCEra4bCSN9HShuDYnadw4smIHmZG4huS5u9kWL8jroEpaN0yk1lJFwZ30dC3biOZZdWrpppQMlVlEaWKqmMVW60DoKZuitha4bJJ5g2j0tx8CHpcmKm43Yo+4CIL2rc3beLP4i6n5BdY3YNKuRUfLATggaqtJvEpUXW1G3lQ40mORXIlZlMMuskmCYL8gq20L8xsUSe4rMG6Zk3sGTtoyER55BWrQ5qb05b+4saU6/bHB5PUnZY/ecpFoukk4J+rjiXNjsH3h7Qcne4icPaV32c4gt7q1FzpaROK1D/7NvsJ4XWUgMvrqNOc5a+YJxiJhvwUc0g8RpsjElmLuFDLlFxbugeuEeYTXV/oDvl+zJ7fxc55pXSCnbhIBy13AXmoSOKrbjgObRXQmbG8swXX489iLHYmSZcKFIaghNFHZTTcighKJWkdyTQIVSyVAAS1tKvlJrak/HJVGSA7i6Of8gjwrTbLzytW5wQeguKzMf8orDM+6T4bBxYPS4zKGjmMIyElgm5kreG2qKrj2Zriei82jzcWVa5LEJhF1EyrsaLbCWjjtoG5wsaMZq9FJhBjI8LIORig3dpty5ttTYxbPvNwnLUqUxZnFWVb3wZINAoWW2nVbetrTU6xTrP5a4ORyA4xK2LE4lPOU8F8VH0onr9kp/mPZZXE91cpWaXpT9fPE+Ubsn3xX8TdPJ+QeipffiDqk40Q18Uoqif8AaNdin3UajzZG+kHzqcXqROLKfkYxu18UoKRcI45xQs1ninTdhqCXBrmjWYTf7B/tSU/D8XV40qU81qRkTZnW5x0IbhkSKwMmJFsIlf8Aamxg/stbbe3CZ8y0pSGYjii0gLFjuyiCKrLUBs926BU2wq1L0tRQfDSp/wBt1zhdYoPWy3RMvCTQxN44UKJV8toyodpkNtQ0fyCprRRwHsRlSqqqi6UaEnJ4H+RdBhcrWJbLPwtzUFPRvCWiJBQyLeMS9064+MxhHAYpZCOgbJIAzpIol8fOCU5SMJqg27ctcVgRkPyYQNDHtzTkSLJkW52ddikkyWoXTFD1BhkkJnw9vD2/2fFE4SOpOyH7x9oypHa1ZBrjHXuO1FX8Dn7CdtteL3cHtBjM9f7Vkb3tyeXh9h1DX/k2uxV3l0S0tLwGWuXqa6oqfhXxFKSiXA8zRPTikq6N5bjrpkMcxz5Bv9pxP7MnsavS514ovBhjfTIqqzBbdFxpqQIPQdJTdo3EY2ai3dqRTgLpGQ5vWtKjbJEJY7yekZxiUWZGUCmR9Dyuvmjaoi8KN5oGplwSS80TY0mtp/DwyXm9RGgpGP0uxZyN01JaIVeHWJAtSDFF3wCD86rNhWihsuoEbdLclUrG6mRhNKiOLxjAB3FLJEUADLLLpRqYRJJ+XbBvzSI8aRiZcfQX8ZF03BNl8VTfbl+VKJ0Wp0hojlb9hkMnh3XuV3hMmgMPPMEBagpa96+P+z4pUhOI9gP35B6WXH1oXuIPeiMWYi9x6onZd/YTtt9T3NOznjM/Y2cb/G6uT8c04VQy/wCUZ/Xku7qLJd3souVOdqQv5qYT8jKYZXxHwc402PhjwnJllfRNj0HGE1+6/wDsvdkU9TopqylLWKixXZEuNaZ7MKOR6fJuq/BYeaG/oky1f4s0D4WwWauLRNyzlP6mn3GJMPaPXSG3IZHWr7bbqLlRF58lJ/ett3i66ztrxb2JrOImooSMIUdW46RWwZVqa8AynJqZYue5pL0FNXYHG3bu2Dbu0aLK2euNturQ2xqM2yaoWclc5QN2wxyq4Bv1urYbeiz9SU0TBOTo4+WiTPLk/cHTUSJK32unWlSozqa5TQGJAoEmo63foQc00qNg3JVuYDwOjKdLzNvk6hd/LTCYj17e9eyda9Kc5HIey1j6jNzR0iLlsajJiKXddqKv4ne+Hba6n0pE/D85vB+zN7uyFz8VWnSqGn/IRl/rXiSmmlr3kliOfF0RqM36wT0L4e6VmsZJOXvSpToa2547uZELIRxH6YK4luOZlvlljVxdP1ovFppXXY9nDEDysOmZTTgA1CKgVoDkXJtpm8X11xx3aOS2ce/lJfJVJqQyDgg2YuqgNSLfcTzDVH5KqICb7WkSZKnGAejv7IRljwWXIF2WSbjyJvZGpmM6DkQHH3Y8WPNuTj902d2X+pRp+x9oaG8W5iPPJHWz9a0EY8xVejSLVtgQsnfIBtu7SRm1uF4flrH1GEhnCJjNkjo3byTBIaoqyzWI2zqXcLSRnjoLTll8FbbajqbyMIDbvltLcZCIof4uhx8loNLzCG4w4uXXrWww1F1h5hkTx4e9CPoLrXpSn86Q7TQ5uc5rDZjSJxbSoyf1yT8j/TDT0PD+YOhlfW/zTsJ3Jaap8b0W1fsJeBcSicJ2vd2uS6rsr3LwlJllGuOjjHTChyLwTn9y8l6bwH5oC/jhsEVnQcy3w0vr2dPHdK9MYsaEkW1sxy4IkwlFi3ynspdHBX6u5puD8iTFhuuxXiEJLrVvYZIfUCt0rehZCoh2lpyRc48YYzMhTUAHVQoYUMwUpp1VW8QcyXZCiCD/AFg3D0V+VqS63Yza2PtC3G/M4ZraO47uNc2PMH/js36geykF62XK2v21tJRKu/c1DILG581N9LZNnhBLfONWz8kAd2w86pP7tVdjxhWvp8hTB3cO2xIT1nkuuRZsmR5qSjBCAR3jbfZIJEF7AAeXpUTCoILAa1NSdO+fJlGibfdWuIvsTNYeC9SUOd2Wda9IcpPQ12WC03acmWTTgicQqJxjPLh5zohdMjvB24reuRIa0kg/h/2q1rvuMM0vgtOLSrUYv7syWiW3wWl5vp+NeFauLK030r4In2pSrWql5XcS3lv7cBwvowfvSE/MQfiajt6mWYjLqykShkkpI5lJnrZhpoAaI0GnX8A3uZK7oaPItwt4+4NnmLT+z8l1I+ywK7Ht8aERyEKmsORwVgY5sujGdi64sUjOpwZYuumFL86BuLOjNLcLwLhRozsuZs/aQtOz7i6Gr+1dJV4sMHXCLQVA6quyYu9am24Is8gZEHkUzgkrdwuBKkuG4bzDWQdgNK9DP0MZKvI5VzeMu2y7owlzlJJuMO5PsVJki7b2z0yZD4rCYkSEJ2IUhmQ2sdtN+Z+XmtxISMGrgRwmSdIE4+4TkffOtNoZ02+rD8WQEhkuS80oSw253F5N9Mnoa7UZRS8zyFYq+A84P6r37DvRBqT+w32oq4kPJlVTDH+6E1rvZeC+C8jWioM7wTMh8Cr3e7blDzZTiCelfBOfingvMRzRCiDeBTy1vX8UN7Frb/dkd+Ue7ho66880w5gG+GmieFsCkIqo7g2iRY7hcXcKzHJyPOaeB1uFBZkhAgRI6PEDYHKjjUi9g2oq4/brcga92DKBHRQBFBJLW8Fk0Sph/h2gQTgqeKcVSEW8lsRs4Q1IfBiiTLJB+HdOC0ceS4gghNopol5heassW3n9IYIimPONjJey4++88xTVxlg7s1cRk2d4E3WnjFmj5Fwlckx4jsmeGysdtiTZYooMCSciVBOM+jGgHVSm5T0enTbluGrUcIsmJJ2QWLu0ecLMM94UhhMsk+xZm5TrcgyU0truKVfSvUlJycT1ryb5SU/Cz286biTInaPfHhC7Dqfnf7dtTUszhIb7UREWU+KIipmKIqUu3saXy5r4lyKl5tJxBPTXuXg4OQfT8gDxjpQ9K8/DPgiePunBOdXpPwW0qgA39GH99/vXEf6NtZRaFrhu8U46KU880KrJ1uxWlVF4C6apUcN43LZ0vC7uytr7shxwLm2D90uAUc91yrVAgeSVpN2LZNTzTeC23+Dd8J7u6aa1ZINbW0U7+wTZKujFbI7NLcZ67qJDeuCXDagkPQOSNWhEIzkZh+VEQ00mlI8O6mhuo7UxBnuxQckmo5lW9SYcb3buzc2GzbWZyHHyiqy5oMyRXIEgIjs28TJj1oiRk2YaksjcrxIF64zXUGEy8XmHCYO3uE4y/qJ4IzjrbL0kxiiQuCTgijT+gn7/AA/8RUy0+ZU6tqqL++9Gc0lDyeSvZunRUorXAD/7E38WlF4+/vB7Lv7EjotaZOdwlN9qH+7KDEYAVYEb/tW29EVaXwWlo1rmTaUPJfA6ROKj6H+6K8WFr2+xPvva/itq/wBu3tCtlbHN0lMksh6Aj8SNDaYBcIj54becVXnE1HDYRK9i5PAZVEaJIsqIrg/TyWrHHeZubxIjStNvVcrOgN2m7uQJDMoJDEkURtmW42TV0FKmXVBpXt9SuoDjkkRi3y3NrPwiN2e1OXe+wIbVvtu0tySJbNl5BvbY6dTiN+VFxw3TCFHGM84bcgiFWgT+ztDI3dlcIWBbfeWY3aboTRyJMRyYaOSGHDbW1XuSjoyXNB21DRyI+2KOqVMMog25txbe+iDe5MHU2+Zk7ujpJDgFvQfVrSM6YALGVgtxuFQIWknrkgtILpIqyRcjNjpkiCNMMEj8RtMCNB0yOXs1R6UghRpm4utr9LSh5+8EDJpxFR9/ptaKsi4IqSmu1Fz56SKfToulbWJaLwn/AF5eC+BriiXKinFtK+K+BUnM1VAeJd42hEbPAvb7E+z3r2vPEYJabjbkUrMHpub7yi8LpuUielwkQXz9LqqrsaGrp7nQ5Tq4bhvZkJydc0U06m9ts9g5DzG8ZFSBwFTTe46R7ns9dkisypASLWyZE2ucIJb3QqDILByXl3NzuDZ02e+rYuypb7BcHFaZ2lu6y7ps8Uc7eyW9BeMY2wEZLyjT7rhSHDJGW1wjwtTJDmycGeNq2dhWVtDBRutph3KFN2cuUe5uxZMV1r0Os3sxjK87TMo8pDZdR89wtmuIExNtQa3pRLF8ibjg/gfmCDjjcTApE4OkSRY8vU7JPJowjYy9brxNklCJJWtVct6k6xE/EaUlCvokZ0/Fnqf/AFQXgefqJiQWX5J4WpfwTP3Xei1Kvmrn+0z2oq4nyz/oxi/45tM3x1cR18FWloqWhTiCUvTS0VJzdX0H6nW04N805fYn2ZrPhdhy00um52ZELZ9P+1nJxiTgbRHVdp5RFHkM0ahcWxQQUc0Q+mUumPDkI3O1tuRXcEQjTEZtJjBCgT3QbDzTytXLQ7FbaVThNkEYWeD+tBA0EZU1ctqbj20dxdS5epVjCra2YCTZ3aG4DFttrsA3a9MW9iBGaJaWYDUUZW8iyH1F9MOVJNsGWkQ224jUZQuMVoJF3GQ81Ijmwj+4lOozIjX2KB2prIppXDEccSz0SYV1Rs7k9vXGJDjTlmuW9hXR8Aft00acjrLckiTM45DYxIklNMySO8ZVSkbsEYaZQkmNC24rbJwtwVONIMq2Mqiiz+ehoU9D+a+LXW9+mFCWm7Pqi2f5p4WosNS1/uucW7X+3c++z2464nSzzDjkqQ2clfnOhaWlouRLXuCUNLy8C5+76fj0cRFUFkK5fZ7/AH3JMxSXTN2fLOzaf9zO7lziKxbol3kCMUXJDu5RAJfUDfpMcUa4SYmuGpqL43FY7MeT5qhTSsh4SFl5Vo2zfZZjklXqPv0tsvyjy32ILUfaSOqPXuOQPTTVtb0rUoJkmfbnxeKYxHzTVsuMkrZJ3eyEu1u3a6Q7MzbpquR3m8K06ao+rSq2RZdfdkpHYlXgFkWlxPLXCQ07UjOW7YG6ixYoiW4ektETZyW25DF0sK2+4o2yINSiFXHNbxdSuEtcahGTavann22lR2xORY1lvFuC4CQONu71RRxVVYxCKOyiIY03TagkNuW5l/S82ouRG4pHdGW91XtQ82xyEjhXwDuPL/VGjXE9w1K1JzHwt+qpP7TnathYmXIsvs9tstMs11Rg/Vgjqvrvgq+BrS+DdAnEvBaKvdxMhwSk4q30r9ieGfump/UkcJWzGC2U5XiYWXrkW+srMVBFJz8Z5u+O5hPo8e9bbCRPZSnZ45ScDhTgxRg4RWh1+NPfkJux/IjbYpUeN/TmO7ttzeGflsAa6T9CVvUCUFtYft7my0J0NlrSFpjbQ7KRbsxA2UckQLfEbi2QwZRpuRBMpSwTWYy4jMuTMZG03A34KuqtKSthc56GrquTbtrdC22ePFkI80pXYF3bpCBizEdR+HHJZbrO7cvzJvtuMFrAuCN6kIFRwQ4rwps9NNu5dN4BpuQ6+dnuaRJd8fZcurMY3kcjOalRRrVQmuls8iIYci7xBSRpnRk37C8PAObHblYpOge46n9ZOb/7IcbQnNPC1KlTMeed7VpBXJ91DRIZ6G+MxV/CpYYtQ5nuda0texLS0icRSgoudLS+CrwJOIpxD7PdOS+CfZ7TV/qSu9snIT/FCX/mLjcYgulfoBx0uMTDig46oVCecbcmSHiEjd1Hrq3p/YlCiiekai4Wga3zvlxaja03wyjWM6OqlQRq5XJthrzTzr4uFoQVI7VcQGxlvBqJMEhhufklutx0nXPcxZN6kgwZ7krgb7TsG6Nt2h0hcX69GZkf5Y02Lu07z8xX0uEyJbhjVIYHyzFtfIo8dTry9eWylxyDPn2QJ1zVU6Sw2hva3EQdCOaFT1J7COomYquUTapIxhWVNh5htJMydAdBy0FT8NVaatylRQi+oyI4MIyn5Nx/VshNuN3mMLN1t8xWh1aq9h5tlgZHJOhvuul/WTqkfsIWm0jzGlThb1wr/GQ92rUahcLoWp5roZTM10dILxZtQaWi5rSrSrS+A0NBS+BclpOajwJOND9mPBfBPsLlJ4xZffst6g2rYydcnZb6uBSFWa3pNE3NqKQFXoJCZDMhkEjwuD0s/Q8uqrYyaNimmpN38s01dGnSG4RmIcraGLiRflVlXDdeZaVXBb0o2OXNf/GxroyTKPr5y2kpneTEmbo/JZjsXp+a3uiklvWWrwkIZBOjpauUcUpOVR3nI8m03Zq4Ma1WLbZrqVFXevaESn5QsiZkTYkEh+Y6IQZIuFtG+SA/qpOJ7rEdcYt9uR2JFiq09Ndaaurx63mC3qA6UWbGEJkEmdztADOqMrOHyhJvpkB9ZYMkE2M4O7AXGJIRzkGcUgGJq3FDQ08nAU9PIjX8A9Ujvl/1rfgvTCXBOrlxzot//YXLuM9uPjz8kh3AKm4hJpgrS0q0tKvgKUlDyLwLktJzzwNcKnGhSkSlpP8A8Fo6lug1BlSWyJXSpT4iLh1uHMKy4NerTpUSZfeapm4lumJAvsSl/rxO7NX0pxNJhR2XLyZMOK884QkNE8qjka1BhhAN5gPULCqg/he+opOgx2oeNLQlHkI3EuNwLIk/IabjjCSO0LoaooXRJy1IkkhyXjefpKxWzf8A9EWoHN4oLGuJoRXYqkzG34z8h3y6OLUh5BbR8JW0bkA5EhOXJWn/AMAr+a0og2/SK1JhAt2bipIuEeJ5e43KMinaGd3a3IYrMYwoSGxQ0HhMbUmm4bYAkRXJUlrSww3iMDKEm7EVIeA8wjuaZLRADfSqesk/CPW/+wa5trXh8I/NcqrgqjcPhPuPUz0NftSV/EC+lpNMBaWipV8BoaGk6V8CpfD2VOPKm+KcqVf/AMS5EtX+4EU4nKjQpEo4Gyrr1RtkGRRzZNvC7Jppe2SPXL2ZeZoG4jazIyMuQHtEmT2GFw463vaCGiKsYVpILdJCbw5Cb0zbbpHC1ioaokiGz6SLgLCmbUbQDZ6pPkvS60TEcj8xICUjAEZlHl2x2BDltQlY3jYMPjhhzuIlJWKivFGmQbixPgmGE5Vv/QDmHHHNYLpYZuNwdlz7MGbjHiKsVUpaCI6cdWTbqxrqtxJiruh7uyxxBm+KTUuGvmljJpjqmREtJGus/SiPiKsbtFD0AphvXBTA5VEVzCtN70W9Dcs5w049vAaxpJE3h9hO5I7mP+Oa54pemKmT1IDr7qKkNNU64phWF9Df7UrtN8FbPVEWjKlXNY8BoaHn8V8FpaSlpVr5AXAl4ff7rRUS4SS8sm4Wi1uTplp2eBuPHgtMigilcFFWgWnGUQL6zmC+iBcFLKt5YlG6px0c0155RX6ktfUlr6oVfVDpbmS07cCVtSyfCoLau3FGVGO1FMnGoyAj6oLVtJr6k9d4zaXO4uPjGuPlVWZGlOK5MbtKXV9Y747xxkQRu5T0NIltmz3W9kL2dTLROgEAV84Mo45renfLQLmbjRzCxIv4R3k2oio1cr69NpK2StaeXUxaKtPqtTYlBnwhKHZwNpjKYmCjsW2M/wBW9RDdas7el1rGnKC0To6/PohpP1vPTUVlt3+qbjiSWHw0+Yb0nKHTKmmj8G7nUl0mgG4JqiqDocjMhAso42xGawrEdxZUcQhNJ6lSiT0Qu9J7xcoq4m3DjTPS3xlSR/CnTBeyBrRLXv7Y4onEaGvZfAq9xokpcDW8yTde2Ps908V5LVwc3VmYBTkbOWgI1uaMQHf1va3lb2lP03hveWm45Zu2cop/lafrPAuZZrFYrFYrTlCbXIjWzUYDmbkNKClIHC4cBbHWQiuZ2aQNVFllxbw2jX1IcNz3pkqFsFDO3Dsbs3DJncRoquzSSZAdkBcrf5d7TScK1+lqQ4xIeuj0mGeSShSk57PzxKxstlIa0rnFWZ1dCjkQaQaIFUVjkLcRowaktr5VRRp4JZttjKcmicCSjTuoa32km3y331EAbdlI5So5u1ccBrzJUqqb8EIjdtuknfiBGCwZhiUSZGeGXumiAk1ojgouQcePeQQRUco+iH35PcLtxv3Z3S1yBf7Ly5YTpB5WpgubwC8EXwShoKKl8C50PM1RBMVOgbRCH7k8fZfDaZ0m9mdmIPmr9HRQa0rqXeJQ6loG1pR4aSU3gRWdqoBxL2BqjKrqpFwA8W1SlFK00o1ikSkGtCLRtcNn322iFScGM1TqoiziRaUN3D5MzWsxxHBTnBFHF1k2X4f4/hNP7ZPGLYPXRjzcraeFHSRtiwrMnasiCVc3JJYpaixXpIwdnUxHtVrft992bk2t3TQp4bNGnkWJStM220wpUy+7OjHetjflybia25DACKRZNNqjz06WMVY06KcZ6yxpdTCZYaeNYws3GYLk+DIfAbGjzLlpUadbMXWi0qszFMnHfiKDCueUESGxb61FapTRubxqQCkVIr7cgppv1BuAhcrtdRCluqPMRZeARqPJt5hocPlF78juKvpY/endtrkK/wBlxfw/63O5Gf0CpZ8EpKShSkpeS0tLXulYzT5IDbRalFKx9qeGPEuW1S42f2FZI7g00dN5GlcHKGIqUplkFvMNtW77DcLzLDrd7tbdyhTYpw7iwKEKbIX8rSEBdH04lr6aVfTDpbaVfTVWktZV9LWktnH6amAhoy/HfFqA1eYj1K6G7zvZkri3IMGocu/GdLcn6InHnEaoQ4bKSnIO1W021puK5cpjhGRGtLxqG2Bz7tsW6EBod1cI05zQ7dnNdpumJMc48+LtNsSjDe7UXNPGIZsOMzkJm1THG7tPkHoKZqusi7AFsKe6cliZJ3HnXVuMicciRkTjQrucUbm+5LfI/wAEffJJk3WWVMzyBSuCrKREffd2f/4lxo2UFw9eVz540j2G+o5a5d8VLi6jU23loYjx9243MQ232zxIefVwWHNJR1QoUSUrTRnqMqjd+T3CX0sfuzO21X/oMvxIXpXuyl0Nw5G9aRKx4DSUnJfBaLwSlXCP+omBwKUv2j9nsVbViS2jYkha2Ve2ncEz2suZkxtBJWNcJS+RdbkSSh26HkINtBxnQ1UoijsX84zt22WgRnhI50gbuTMPaRJzNeeZr6gzRT2VpJ7SL9TZSvqrVfVWqW6t05cQWlvX4H5OXkuU0aavUxpDvc06kXGVIBOYtKVNR0RpW6TuMtk3Tw+pRWtC53fDQubaKBfG3cxrzYbddTj2uPDtu0kdG7xayVp63XZt2PbZzcti87HwLgt4s0qyUU11VCWYj9Hbaiyp7RWpVb30t8FbRHFeC4I3FQiVQNW3rbAS4Nyrc5bXAmAQEwRJaXLfFh3luE/D8m8ZNxnW2gF8JuZksXLGTI3CwosJ0HAcQdYtKcZpHUJ6LLRuPpWU2LpxieksvQn447kGicjiwqVGT/jGeui6Y/dl53mfSz+1K7bVf7M5D4r3Jv60MjafaNDaxWKCkr28FpfBKVK08QHhS/aPLxLkXJ+D5yHahCPaHbsMBXNo5nmY00riIbv/ABKfFe1pAkIyzAmo3AhSwo2ikVtRbU+nWRXYOxsOQMyDtPJ323es61FWpaytZXOazWVrK+CgupRr30rWgq3RULa62WG0Z3QeVUM04KoUZ/etkzx3aYVutFQbc7OnW3Y1lk5V8G3ts3sZNQ5G8Y2mjEsaIGi2NvONO2naB+FcLRc2rjFnxok2HtXs+3ZbjT8x9m0q3rYjRTekPw93Sx9FvfyTzTD/AJAtP02yXU4N1vLsaXsxqXexZW8gOvGEpmcW9CWbUa3XMXDuUSKWzsK7FGuM2/suwX7rrgq3HdhF+GdIVCYWOaUWptIL7jSyC3lQSA6c1IsNlFYeYQUZT/j2U44pxajr+WX1ezS/25S/ibXjzc04BOle9ITLID6IUrdvK4iii8QofsLkvOhpUrHH21+ol4IvhmvdPBPBaLljEqI0pypFuix5Sbw1YjnFknGAbK3DJ6a9ZHmnGLc6tNMo1GeMQpfWMVtpuzgwFsjyD8xcNNaaxWKx4YrFY8MUqUALvkaCt0FK2FEKVj06yGmHAUXtCVrVt+O6T9CGEcTjwQbdcCt15jz2JVpvqby6MuFurNOMpDEZom9p9nmYtoRvKF6XNgHN47IVW020lq/tHUyapwI0o0IpyMm5KV8G5JE2MVrfjIFp2bGAlcaAJH1F76bGcFBQ0AnXt4QkikMz0NnulO96tnuOQkqSCZKpG4iuEJU2So+8Q06KuORm8BIaMiaivNONR9cSMmkpPQx+iz1LR1H70rqSg/bk9pvmPcLt/Be472hLjJNRcgyt6yGVUU4J4L4LS+A+JLhEXj7JS1mhpPtLk5ytkpt6OrMRwEWHEqIZz7y48JR7gy6gRpO9rTTpbpMkapxGIKEztdJ+nbCCnDTWKxwxWmsVitNaa01prRQh6/fPBSpVrNEtLWVoqjSDjvszGHmXH0J1ONK0lWV6a1bntMyWEQgO2W9uOYPtg1tftAMomh/C4iZ2GuAxNq7k80lrmvlKudObt2MepsjNTJt4hSInGS+IU7LUnFnu6XVUnC4hhd2if123OMQGVjkaDd5r7fl9a6IW6KKTe6nk0gtLoJ0LfvHyt7qU3CkKiBoJlkjSPCFUeijhpvTHFMPyOyx+i0XqzRUx3pPX7D+1I7LfVyM1/ChLRL63F/FmpHGobm6ciaXI+PDFL4LS8/dKXkpUp5UOfgvgNJ9i0dHUAlGa3L/HKkuKsu+SLeBbROpEg7SXB0UhOnFGUSIRKai0m50IlMObkdo73Jvl5EVxha0lWha0LW7Wt2tbpa3a1ulrdLSNLW7WkbWl554EvDNZ4KtZ4UXKkNUVh/8AIyTOhpBelR4SR7VLtLKK7LGKa3x3Em93Byt4O+jvNK7ci/s2+R5O7bS7Rtf4bnwalqFG+24zj1Y4tvaWjc3iKtIeR1VqTdoa0pLuhXi3N3bTa6nicEyEk3TL6sq6+b8o3G/pVvAlniwmtWkwrKbp+Bl5phBaY4C7yx6P90jtML/SDuUvJjvyuv2H9qT2mufzNfxJRdxzs59T9An4rNKyGaSvZfBaXwGlovBvkq+C0lJSfYtLRcgPTcnWlQo/pkeXZUEiRBPcNDXmxRXhF42W1E/iR+u4v7vZlGwwLY1uRrcJW4StwNK0NbkaRlK3I0jQ1uwrSFaUqQaNoRZVVpfFeapwpU4UnP2YQlpp1+NJ/wAxu9f5VMco7g08YzWEF6YzpecJ1xNQrxVcV6tOKxWgcEvEc0uRrXw1LnHD3TipjgM4JHU0E5muNC4QjnjxxqXEFvXTUTWbMYAVE8PZRRVXhTfSdL2078ntR0xFHupyLkz35PV7D35Haa5/M+yK8S5ufr/KRTXZhmrcmP62cUvKlpaXwGl5HWaDkq/YPNOXiVLRpweXSROIrc2QTKPFe3laavijHjXnBRbipRiksusvIQuPaRdmJqgR0uaI8TFBOpJ3D6jhfqNefyvm687X1CvPrXn1pZq151a86VOOk8RcKWvb3Tw9scV5Ule0Wj544qlYrTWmlT7sUz+RVhCVOt7pVKkyqcdTSZMmo/lVBQdezoRozHcnlpha8kW7MVE063IuiKrBK7Di6aaaw5jh4eyczXistGRYl+aMGxENDBOS2V0sge6EDSR5d3SrTmoGHAel9Sck7z/Zb6vk52B5kvqP9b3fSm+2zztb2piiXwWipazSUvI69xpeeazSUlD4rS0tFyfGrfKQ42R804pmgTZzdJIlvILB7p1pUph1QWbP1C2w8tQRG27NKuolHSqL6V5pQ86xWKRKxWKxWKBPUXUte3j8a+NIlLyh9JpxVKJKx4ey1j7McMVGjmJtt60uA/l0rqZYTcFBdJYtsMkdtYpEJv8ArCqOyIkFlIa29tUCMAuK0lHat6ZRDbuAMarZHh6nhDFIn2e1FTjaGNniAh3BnTHa1C65N4xycWQsNzQxLRJDe6cl3IQSpmUNOX+17tBz9z7Acy7h/q49Tw8A6Gedrd0zPiXgvJaWl5jS9JUnNKXxRKGh8VpaWl5PJ6HDNmQ1cwNY09oh8+yKjPZVHLm3iTcScJFfKocPAwYylJ28ljbdgffTkdHBRVFREpETPh7+CeCJQj63OtfBErHgvKvZaSl5Q09BJxVKKkrFY4LWKxWPD2p9hPLMP7t6XhyQLaZgsiaIwCDu/SoKrU9pGoERpfNxS/EWlW1wLhyUQkn6XSabdNkU0aUSh6koqUtKJJTVvhrWKoTo5Q0cO3thHq9TAFmDpdG5NttPrL0FBvKLElyh8yF2fGYzcydl3JAVpF4fN3tt18j/AFw6i7n/AJ9NPpwBPQ1zjnu5oHrY8FoqWl5jS8j4UOaGl8E8BpPFaWl5LR9MrrcxmzR3HrUSOiiC4q6aBlTpiMI02grVnj6GP5AuKTdvKSi6tZIaaVrdCteWWvKnXlDryZ15M68oVeVWvLLW70q8nrXwTx9vf2Wh5l0QO0fMqLpSkpUokpE4YrTWKx6cUqKsJ8VR5M+Fte0SExpTGkiwk9CdEQEKF5pqI/Ow0U8lFJQ4FfNPChtNtzN2jlxHQ1MVKSaJU26J0682Lj+ltPN5oFwLbSyZf0YmFbWU7c5UNBOKMdtlyNAlRrjCaS4qaiXrxCEHXN0TE58yUUr5vdtqvkf6w9ZdSL+D5SKDoa6lq3u7yEvgvIqWloaLka+oCpE9K+KUiUn2rRqiJKuzQI7IdeNcDWy8Qf8A+VuNYXdtqItti4NNNG4tvg+Zk3ac1a9m3XTkSvAumkoVpF4i4qUj9eYBK821Sym680FeYEldp2i8Pfx9/ZaHmXRBT0FzKi5JzpeS0nLHhiscKfcEWHS1O+yKikn4zivm81r0j5lvVJfRWle/LJlmSb9VE3M1rq2uaJZy9Zk+NRUB1wy0vNvGjyzX961k3HnhMjabFIUN15jflAuqbROb+NJ3k25qpx4NxIBCXIqdvd0JEJLKXdsLhxS10piSUnW/22qXmf6opxXq/wBKL636Hpb66tTuFXwWipaWhpyiShSkX0r4jSck+2XcGIySpz0klWs0aqq7Oxtz/FzQkspYqKnl+DLHBppx+XGjNxIP8lXDd2IV8VxpFeCUnNKTxcjidONOgupcxcq+6Poe5l9nv7UvJaFOJdqB0lzXkXSnOvitDy98eC9NHKM015JclQBhT5QZKt0/MVsImpx6W8Atk7XUWK98U1kaF7ShHkmH0bb3uqSpoKjxKTJ0VHkGjrpv7zZswW07T6GrmWjRGN0lelPAJSScOySvLzL1KadIB/I9CFyKJuMyGJHA+tFVaTqe7TPMqL9Yea9S9hOt3mnQ13MUwe6ktlrapaKlr3SjWua+K0lDQ/ZJmMRQl3Z9+iLwVfzKfBzKstRRjWm9Kds2vAm321jhSMtoVqtwsNOc9uJ3nf5CrOmjlgK6XnyEUEUpPBFrVSLSlSvYo9BrDH+w90OpS17YpKVKxwxxXl7BzLot6cXeCouUVPSnOvahr38PjWVWkacyA+mtBEWkmjlv7wmn/wAJMPvOFDcBQilRMrUaIJOSLeykYWvxk3mkHi6pIsNo5EyZbHIrSOaWXS1KgYBcuBs/OOK7dpAT5zoK3UaRuyfdJxyOC+YeBETUqI48dRnSRl9vVNSPlHA0gKUnW92mua0vZHqXrNf66F6zXND0M93FH0WqRvYtLRcl8V5lwRK9vAUpKTwVUQX77qdddJxzVWaVURFUTVKtbSP7VW3badKul3gDd7TaXTRpG+A+Whx7PtQzcH7k+MKyOulImUtafWnKkpOXtSLROYpSwi5WuSw19b3S7S9XgNLXx9/ZekOZdFu6pCepE4L0pzpeVJXy8PhTEQRrQ3oc3I0q6V3+mt6T5P7Oz0jQbRum48iPHk3CQsp9HSacNxrywu/h3u9FGVRwoq03DI33Nm3TaG1SLapj9QgTLcoyX4Zi1qURiYN2O42xdrtEaUU1Y/2WuKEq4SdmiBqZvGqjlvSKMK0IaT3KKbY+qVQ183eyz1LyXsD1L1n+t8vYOlnuJRJ+O2SNzcEXI0VL4rycP1N+OKSkpPDaGeqBnQ2pcc0S4BVyvhaXd3eYEJ3dwpk+C5KhsvRFnPMpIV2QRxzNNoL7cWthPscPFBxH7PYOLq4olxSlxt5ZkP8AQ7zXn7pzSlr4+Bchoum3c3OpKLpTqxS9FJXypea9Fac1MFwGUYcUmkHEwN2tudFu5zb6chl64E4McmTM1aQm5EZypSANNgDzbjKx6jTx8xGCO7Kn21lIES4vNOz3yLZ6xygdj3qS0xMkS2Dtqlqeh4KfPcAB82+EeJIiFZWIyPNRJKwbza7gzMgbSNAkyB3EStPqTpTgcqh5f7Xe011ryXsj1F1Ofr0tN8mutKVPQS6HbZJSRCWlpaWkp0sCq5NqvbwTwSnHEaizHVdnqvDPGj7aJx8Nnmd9dLTCH6cUEVagNuFbFt2acgDuhgiibdup/kfhhUpOSflkiOB+x0+A+kM0ReEI9Fxf7bte9JzzSrxzwzx9l6RouVu6nOql6B6q+NJXvS817dMNtkE1tEbtkZJl0vFuJic4JuVHY4mm7PyW8a0HHfdyqlkHAU3W2CKO++7vop5STElutrIvhvwSVcW+ZrYlRAiyLm4+s5rW4jMMnRC2uA5LB7eaXXo0W1masMC0zLhqc22yHYbtxLfswW8F8qGvlJ5BX+x3tM9ZdP8ApTrLqP8AX9ypvk11pRdtzqs8vcTNSKCrS+Hs6vEeoETCJ4pSUNXt3d2N1czC5eB9CeHtskz/AFLS1/xu64R2xbZ4uGTSUQpm+y/P7YeLq6WWQ0t/Yq4QV1yVKi4CPKh9Lry5YeSvda90pfD5fH2HqVOFv6zT1rS9A9VfHwXn70XbpJjiJIkvSBiqUaRNnOuymFUXikYkSZBuvxpL4lMeV5Uxgom8BlnctvFmSLijRNDTUIfKyG3Gj8wa1DfVKQzdWTDB1GoItq0ygLp4uR2zrcoIxw4Y4K3lVH+w9+rGSs/k9gSi6pHIOX+1ztM9RJ6f9XzXqc/X9yWmeTXWKUXbc60VRctkrfRV8S6D6k5gnDxSkpK2jd9JfteyeBcval5bJs42ctY4t1coorilIif2hmfTtivs7slPtfPSDKfhwlOlwTgznwaPXaXuXyXmnPwzXv8AH2Hn7W/vH1KlF0jz9k6PBefgvRQlvG47qMOyzydrjC4dyNneH6WXGqhNI4QwXHHXLabQb8gjwpKOOKQhdHHBVxVZetm+aTZ9/T5NqMiyGYaU0OgTpE8PdR4ENNclpKP9l79aMvBe6lByPm/yb5L3XO0x1l04/D8y6j/W+R8mOTPWNF0O9z3tz+5fQ0NtfAuRN8RDiKcFTw9xpKStoXNV6X9suaeBV7UXLZhvGzcAcRD4Jpyyy0IkulV/kycjezfi6WlloNLVe3gtPrkh6FXAl6ncfjxw41DL/jXuXuXNOde9Jz9vYeXwtvfNOK0XSPP4/D3pea8hounFPsEwmpVptwtDNzRltHN5NfdEYpPktMySZfsUQJ1huEzD8cWCK4wkiyXNRONiWsUJV3hpSObxuKGaBMANFzSlWkr2Oml4KvEVo1/sv/rRuSd3FN8nOp/kFfNztsda8l7KdRUX63u5yYX0s9Y0vS53F5h026TkfBaxmkTxWkpKFPC6O729J+2vNPAqXwcXDdhZ0WyKmBd6B6a4kf8AIMrfbe+PclJ9ri4HqmZxS8VBPzL0qVZqEVPdFFzTn9nx9k6fhbP2HE4lR8BHn7fD3Sl50nUvRTrzjxgyqVINEjtxXXKGI8iPqaInUvGrJe3bWEqSci479afkb9l7QJ5SrYIOHPZ0y2xw/HD0guUoq9vD2cpqlpKc/Ze/WjUPd9go+p/pHln8jnaY7i9K9pOoqL9VepymOTXcReH+tzue7fS0atvsO71lVxSLmspWU8McFpEoEpEp9zdwXuKt9/3TwLlnwJNVWpvDLHU5ySvYFRuLdJaz9oqRKfLSy0GlvxzWfS6VM9/VWF0MpR8AVaSoufNjClyqG1z3Gj2WvgidpkMkVhIaSxoUxdm5QqmzFx0NWGe9F+jz1I4Upk1RdNtRRlPc6c5DXsvRXtXv8l6KT0q06htvIvmPMiyzZrYw9ZNoLEKUTZA7Ehb5qdEWPTZZVoNUxqK2jNxEfPbkyC0NEBSWEcBtpN8A6QBMeC/a50s0tJTn7T360bmnd9goucjpFeH+xzssdxeX+tOsqX9Zet3pYptfyDy+Dnc9w5VDf3buNaacCZYoToFz4LSJQeF6d3dgLjQJh7xLpTlTCarlAD8bPdKkpVw1tNN8l/H60lYruy8pWtK1Vla9lXDbi8GeTQZV86bHAOeCJwtkkoW0JSI0KO/aYQR3ZDdtR8WociI/dbky68xZoMKRcZl0ud1avFvbvTBPzVixaedfaYlRocxsmLduHIDYRRsUdYb9qdGOsNwaUSBV6KSvda9/hS82V0vSjRaH1O2+5sR9jrDcPql72ltAMXSECgk5lHIQtqk6NETfaf65Ip3Zv0uRRRBPttp/YROHgtJy8XOTPNfA/wBt79aPzRfzjyBKOn+kKXrd7EfrXl/r+a0X6y9bnJmm+4Nezncpukp3gFslbxl1fSa+ptKCvZE4ong68DQXeckmjKgXJeHsXSnhBTO0EJMAz+yvdp7JNfyLI3OynulPHhoemseGUrNHwbcXgzxpOhtpdeOB9WK9mf3pDoLZ/MoNwmzWBmxoQjs/col7kRW4lwCQ5cZCbLssG5LlQ7kzDhvocA322rSU1s7dHejtWyHibInR5kmOyzeoVscvcty1tNedt9xs8iAqsOJScveuRKnprC1jgvFUTCjJdSNZXXY1wmyTmEwFSB/rmyO9ip+IV9EqP/ygNJlhMAvbBP7Pt4+3i7yY5r4OftPfrxuaJmT7B0u9T3SNL1OdiP3V5fD5UX669ZpwapruJXxc66bpKd7cZ1WJAPI9HRlScBrCIOPDFIlSJYMhPluvun0uhTPVSeBeNr/+nidLX7K/sOGiI6uIP8jTN9tl4KuuXSfZ7OrR8mOSLwEs0pVzLGE9kXD9yZGPfRkbq3Q3cXKU/cbzd492mWNj/IJCAF4NiLbtqPLvsbRXYpDhxHLi0bci3S40eI6kjzcmTeMLGm3/AMms6+Q1g322TIc61spYLfdplsZJzZ+ek+C7EkGyop7lzTt1opRpU448IJohjxFunuLLoVDT8ZU6n9hE4NdHwDvUv2p4PcmOa0nNz9t1P60fqDHmPYV9J83+kKLrPsR+6vR8flS9hU9RpTfNvrSvi5101zo0/Ho4QZG6eFEUMeCUqoIyrkIiRG8b44V1aLNNdacS8Dr5VaP/AKuL0h+x/wCkm0JZPCHfpfndr6dPQywPo+1acpyo/JK1Ypc41YRSz4LTjsG72IhJQdMtNv1tBKDfpHgi7PkQYvmGIcdYLgo2+LxDZCIlZ8zrbdjE9HGM95tiO7Afk7XT7jHSEBxbZdX7a+/H8vVvcjfWI8CU3cLs15R4HhdpeNJ0e4GheCpx01iml0vsEhMBTnad6InSScHe78G+hehvvL9meG8TUi0RIKOOoSs0mNJOYVSzJV4Eajttkp+h8JGot7hN4quP9A8y6i7DHdXo+HzzS9lepzkHNvuIleznUtNc8cD7aUXBbbK1NoNaKefbjtzLqb7oAuipFOdTi0yv5B5qtItFzVfVVo/+sidsO5/6lq/yfJbHLnVTxa5AdNZ+wqOnKZ6RX08KVeGFWseC0w1KOd9RRX2vLOPNQlkJvYqrEbiFcZ5CzIbmtEBIy7LkOpvgIRYRFVVdUBZCWpg2rq7mOw8q2arrbXm4sa4H5LetNQbRKdKS4yxerOmiPJXTnwYTFZpE4oNKFaeMBxaCj7TvRE5Lyf7quIgsFlv4h3/EiRKceQm2U9Qrpo9ROEiIe90Iss6af1IZJvjFSjsv7lveaybjorhkrUh0xUOBM/7PkfYZX8yr6M/j+Xv/AKP9jvJvqb7icU9j5rzZ5pRdGKKjeKMttkjJt8+5sxWpc96Y60OKTt+8osU4vrNaY7/sq8KWl51av/qYnaDuD+wtfyJK3GwNOHoaaTJD459VKvBVpacproFeA8ax4e9LziqQT3ojZOvWmP8AT2plugunAhTjeZftt0N1JcMHHpMti0KTn07TdVglGW/xbeDNzdgSGpN1HerIlSB3oATTpLManikEkJ8GLfOkPQIMeLKYuTiXNloJtrkRY6t+3uoohaaQaxhBwqqCUH43WD1Mn2nOiJ01Lc0POOqbzUsG2QNDZRfz+zryBSygRuRMN15rK01b3hSBbRlJOhlBN1RSL63KEHKxhBHiUoBbFlXZM0wZajS3PNSpgumhKrepwAQ8rR9lrvKvp/1Dzr/Qq+txeDPUHcHlnga+pebNJR9CUdTv1ItwfiwhfdkutpQ0PbVKkFqdPmuKaL+6q8FXhS0VJ02z/wCmh9keDg/sLX8oTM3Wny1OtpwTx+dL4LTnJpazQuYpF9Oa4UqUXNjdO2t2I7Jij59p+RNluMoEBTjnc3ZD3lQZdnPafxgwVzkATtzdmzVkkrOsiSMw3vtMN4PJRjlJAkUUdpIjRojLzy/TpLchuJCQmUYYaM48ld8+mmSvNCVTROCDxd7bb6pJD1IQ1CX8R9l3pidGaloivqgkSxtaspu4yv8A91x7QyZGbjjLm6YMWqbdyYT3N2k6S1Jaze2brs+81DabcYoJCqjAk6c1lQHd6a80uTF2S+UUmA1qryOqqNvKaoiZWl7TfcLpTsj1LS9ku4XS11B3Ur2XqLqZpKPtglHznfp/+WLTfIeYdt4tLJUfNaFcSVpeVLS8g6Lf/wDQwuz7t94q2zmed/kd0kEBTJClJ4/PxWnOTPVQolYrQWMKlZxRLmgZa+iNSSbbO5R416nXMJjkKPZ/ofl/+cudm3UWyWa3yzu9uZi1DutvZ2fkE1v9JFQ2iR9HKHD8rIYgOOPMwHbwEeC3eEQXGjt0R5p82W7eM4xU5Cu7F2mUrjW0LUGZe5BZWnY4i4CemjXj5f8AsiqCCLlIxqLx9hzoi9HxmOoLgl6QlYIpmQYX+2TqOkRYcV0nGlYIKba3ZOYQ4lqckRXPMwXrftA7pkPgc19BKhlFEdkSd/G3pK23hyJEebaemaXGYkTfTX7G2EQWeEZAKn0QHP8AS33j6U7Q81pewXWvJrqDupyXkvUXU1SUXQNHznfqf+WInBtPSPUHamFhs+lyio65ivgtLQ1b/wDv4PaHjTXfnSxjxH3SekGWt0UpKTx/2LzWloqKme5mgWvVQkVEeEJxF8LTHR+BNW4LYn7ax9KciK3DQ3UpQfYpZchxjVIZX81xneWdpLSx9CaB4rY1bHlRu3NDQx2xpWgycZs6kW1sqdCQESSDF3toQTKEDIMXa1KrE26ETV+FSVipDeUHhS0a8QNNS4WgXCNL/YVf67nTFpeAzPVcNarXlnBHOmmCFWVf0iLuooqoouy1OW9K4lJUk2ZfF20bVGLd1PSUc5C6mZijInmDiI6SNoWKakKFay80DioDUnc3TzauDI4ODlCMlKv9LXdPoTpDqKl7Rda8mutruIlLS8162qTmvSlH1Tv1P/LCT0inpBOKdEpdUp3gLheqnKYXMP29lpaTnC9N6hdIdQ9zbl8YmwL58BGsfb86WlpaKm+saHkKItLoFHC1EgLXKtmuLKtoSybcjsh+NNeguQ4wxfpzH0tqI4kIbU29bo0OANtZCd9EZtrImLYAKrw9vFU4OtUSJGuEpt1mQbmbRIcxcblqeeluizFReBJmnfSanRkqr6sgRYEqTgaLmI4vCJRdM1ESTHIQmyDQ23iTIuHhdS0iG3TbziGWd5pU1Ac1a7ssALjJKbKR4gQ11EnBVcJaZDWTkVUHpOGgFcpRNm6Nt1gIE0Lg+lEo+Cp2Wu6fQPSK+peS9o+telrrb7iLSrRdS9bfgXSlH1Tv1l/VhdKdAc88Hca5D2SVfAqirmL4L4tLiXCWg6k6/wCUZ+FVVN0U4fZmk6lpaWlpaDg4NBik4U5vCUWVzwQS41s0X5/bPBRryzZPFBbIvpjPmFtkbIRwEVpKzWa1cKzxzSrRcVlDrYuao4KuKlueLDUuaW4Yiuy4Qdr2fTK6eKtrlErFMtZo2/Q27pZecVViFhqXcNNb1XykKiKkvEbuGMdEadjiyCtg5AVEE3FwSGqVHJUUg3gI2Tbr/dQc0jZLUaOJAQo27llbW61qkNsKpxYm7pr0m8ia3O2lOUPZb7p8QRPSPWvJe0fWvSz3A60paXqXuNV7r0pR85366/qQen4AXHV+GXI4qWVzWeJconR4Lz8GxzOg9Qc/fb2b53+ShHh4p4+60tLS0tLwVHVSmXXSXfOoiT0ShmslRCDgkJCWzq4umazx1Vnhniq5XNaqVa1VmlXitKtZ45xSrwIqd6ZTmYal/WdX8E1DFy1yRC3B2Uxpe4rp9R8lTiCjTTiUnqp4USjwg+ZUEM95QFooy1KfOPhQ82gnJkI82MkhAUIjOKjrJNqB69LbElUacVHYw2wjaCJGF2S02yKO6Y2hw11PNtR11LEZTz0hAAAa3iOAYOPdtKKh7TfdXpTpHrXpXtn1r0tdYr+RKXn7r1tL4L0JR1N/X/8AJB6V7aVNlbqKRKS6Vrd1u0okSoi/mr2pKTnBHXtDb+NDyUsBMUnb1ypFrPjnw9/BaWloqACI2QQG9I6TZBaJjFCptlvEcCx8LvmtVas1qrPDVwUqUqUqUuGaVa1Uq1q9VauJFThYqXGc+lL0udnaKTGlbSpzHtm+iA2bRN6WzVzCEYKtbjDYOaHAlJRykJTe1KQ6xTgvtu6MeIkoqS5UDVCXi4bQt2xrUKvrl9FGuGYu63Eq4Go2j8t8vzbeuMyJDuiF+U1/XiJ+YC0Ok/vKinodnxmztz3RRUHab7q9PxHrXpVfxl3C5NdQ9aUvL3LrDwXoouc3sL+pB6F6PZ0d6/uwrSiUqoiERURcIn7v2PCpR7M64e1dt5AvplSm40faGyuw5xtiNcUL7ffxWlpeKthgQTimMKiUQrlRrlVjX/kEKkP1Z45pSpS4KdavTq4ZrXWrihccrWrCqeaJaM+DpJu5UsysPyPpX1Kg/lTpRVIWuK4UFcPLrXFCLKPJqocpWhRDXx3+mtWa99SpXAq0t4PgqdemilIbKCPkHF1PVHbRXJUfRGRrXUdCjyH3VlMW7Lch4kKW8mWGA/Pj1iOCToOcSxHuii5j2W1/MvR8B6l6V6F6y5N9Y9Sci5J1F1hSV8KXnN7S/pwuhe28SpGRhxaVpUpUzStrTmUFaip/e9vHKpViDG2Vt7aLgXLaUu17VC5Da8ff7F8F8Fr5tlTeK0oqK2Q0lKKUfArJ3s0i+nPDVmlWiKiKtVLwrNZ9GqvStKtZ9XuqpRcKdX0F0/7QHXLptMyE5LH3TIISGQm5RRN3QbsIaPZmMW1t0JsVGZSsp5J1r1aOAIOMZcJvgjJkpR3UpW3KSK7Sg5oRlzWSvBEAeIwRMPLiDOvWxuUSt3+NhnQ0OnJJh4uLLfB5O5SdBD63u17lSfrh3l6PgPWvSvR8j5N9Y9QrRck5l1h1V8KXnM7Zfqw+j4OkqFxVNGaJrio4pziq1F/d+20Ljau29pxNUSVNSDbdqLk7P2l+/wB/BaWlpEUnBboRwiKtbzCG8mCerKqtl4NKvHNItasIh1n1ZpeSl6iVcKtJxTVgdWRytaqVKNfVJxuD5/7BXBLUZMyk6T0GyrmH3pqo8U7fVIdLAquqLciajS5W/dBUKA60lNMArRtr5lGtNK2q0w2mncotbod8jSY3Q0rY61aFRci/mZb0sq3lsWtCkFCiVjgI+t1fzf6R7o9aUnQXN7tJzKk/WDvr0/AOoulej5lybX1jzCi6U5l1gnH2XpoqmdC/qwu3j8aiOo30zvTojdySuYVaWof7P2e1tLG0Vt7aKaOuuOXi+7SIg7eff8vBaWlpgeIpwpFo+KEBJWjNaFq0oI27mi9vPqTq5UvNer444Lxr4J1JzXgnyVeKqqiurTJVdL3GWPV8Khj6k5JMMVR31mqLUGKD7G7DfhbmzBxvdvEiisN7+u4lRx/E0mLq8H5dHoZH0InDH50Tgo1o4qPDR6h6fbGVc5B1+yc3u/8A6Q7o9acx6D6nV/FnitD+sHeXp+IL6y5L0Y9Zj6W+sesaXknM+tvn7L0UVTehf1oXbXturqLQlKBVpWnaLFEtQuf2xy0XG3L6ZZEkZAQB2qTH8hff8vBaWlpoURtE1DuzrCp4cK0pRqiJAbUII6VReJrwMSyXwwiVjNZ9JVhMrzVMHqzXDThErmmqjPS1LPFKuaHw94g4j+y53qkqIy3qaB82HXHh0xZn4XfVIJEpC0Ehamo3JGR376fmXttcvZO+nLxxScq9j5D1rSc3e+vaDvJ1pzHoPqe7Puq0P6wd74/62+sun4p3HOkOsepK9k6iT1hz9l6aLnM6C/XhdleyZiKk6dILhUfpQlLBKtLUNP61L9irpS0DvaZXzE462vTH8iff8vBaWsZcEEUd1ihzRGgop5XVWqut5pPwLXDTXJVzpyuqlRK9VLlKTilcqXK1la9Wlc0q6RnGiur08k9vdlMRqdbLebpzDLyhTq6j4rQqYLvCJCNa1U0aeXi8Up7vr22uXsPf9vsTl7+x9I9a8vdzu/6W+6nWnMV9LnU8v4vAf1w73x+Ada9Pxz+RzoDrHrGvZOouoOfsvTRc5vQa/ghdk1/rrHGjdZZE5hLSuKta+BUtMJpi/Z7l2oynE2NjigRyrbUdP8j/AH+/itN95sqylEq0Qkq7ui4VmoYarinAFVEBcrS51L0ZXV6Uc4otLzSs5bpehVrglfOjHCS11TVpeXsCZcHpp1zjENs2HERJRAuBwi4RRAUp4ErFISpUBctLye7x9pjwHvp9vt7+x8k669z7q9kO8grr906S6nuz7ryD9ce98fiHX8fj/scX0AvrDrTl7J1GvrbXj7L0pyLnO5F+vB7D/wCq44VeklVpKVut2lGmB5kDgad43WaVfHY2yfWtszmDP2naX0Ly29HT/JH2J45TPOsLjBYISxHDgiV7pXBEccRKIs1mrWKK7Xx1rS8VWsKtclyq1xzxzpWs4ReKLnHFaxWv1KqorirR8ZPzXwjpmSPKsqqgpJQjwU1xni2q6ELiS5TwgykCkeAxe7xdtnwHv/bnxJaRfXmvkQLvCcaESlYTzR6mnEcaz6VXi72aWg7Ad74/EF/J7fH/AGOZw31h11ngnU51t1nh8U5Fzm8l7EL9eQZm6JpStCtEOkHuFalo1qM1vZAJ6MJl5UFxV41yqAibG/w3se5q2Wjr6F5fyMGn+QPuFF3f5KXeUqLSpRYpkcN5xWqgKnnMUSqqoCrW6WrQ3XME5qiUmE8F5/FUSuKBSdSpXuvE15Z4KmaQly4RFScVTq/2VETingnMEr46eGOIKlK3RBjwxxRMULxgoSNRakVtrlQ9+s/ctFSNklK62FHLXByFVSdVVU611bDVTVeCrxd7HutB+uPe+K9Idz4/D/YfIetvuLScvc+tvw9vYuqbRdiMWiDwMVaFV9I0p5deL1UdQ29Gzw9NPr/d8NjrL9b22/kS9rcNqdhndWzkXo9v5KH/AP0wuaWsqqePs2v4c1nwKuboY3elK3aYXSNKOtUYSsIlEVQB0wvdS48141ms8dfh7545pS8M+nNakGlLitSC/qJ0JSc6iD/W8BDiiUnJcaUHNbvSqL+PRltU4446eCpScFbdXDYErTbLx062624DMgwSK+tOmbRgrpN77C71KQ0wT4JRy+ByFWiepXaU6UqUqTJFbmDaUlrPF39b5LQ9hO98F7bfdXp+H+w19Ir6gX1ZpOWfUXW3zrPCi5zKcX8LfG2692m81IqVxpxPSq0iKbsoEj2NOVOLquHhZGx2R/iN4zfd2Nko03BkCQbxMfySKE99zfb8SoO81ROGik+5W+LLbyZ3noI1oU3jrPZXNe/yzwXGKTw4KqpS17e2Er5fJfSRY0zC/EvT7DyphMRvekSsemkXiC5I0Td/DUWn38FFcGSIrTiKsBxze6HN0LGunlFiJEfVypMNt51lYUaNIOIsgpNFIVaV5aU1WlKlKlKlKm47z1MwR1o02Cinppe47+snUtJ+undTp/1j3fj7f7C5IvrHq+KcvkXWFZ8PYqmUfFpktEIdJ0QgKuFwVeJl6VSrWzruN1JEZR5qifaEQ4u1snZlve2X8i3pJm0FBOkQKZ2vvjSrtztASS7zPuq/c34qtFTIYTWqULiHStCtLHo2MUBEBLxSAKLPHCM54/PkvDQpccqtfGvnqpaXnXIM1x1LR1JVVkLXxToRMm2noLqrlRLwwuUDNImklLIIXpHTUHcJIlBBJlG8PPbs46xBJEhaTjO7ivrK6XLq6qlOeKkmOjRy3UE5CqSvLgnK1VqrVWazTMB96ghMsn/qHu/L40vW7+r7lSL+Ae78f9Y934+3+w14IvqDr2djsSZn0KESf49D0Ls1C0/4zDSv8biZTZyDpXZiJrHZeDR7I25yl2Mtyomx1qUV2OtKV/h9uUl2Ltar/hVqoth7SVf4HaFpnYy2MtO7G2x9m47CWVjZ3d8UHFJWz7Q7J/xK46b8qpPYRagxHpz8mxXS3t/b7cUrWda3KXXS5oEwwiUpCla1yJ0ahRNiaL6KgoqN8NaqiEq0tIte3Dx+OKWvbPH308VzlegixTi5k/Ja9mUzIDpLqpAKkaKkZLCMFXlypIpUkMqSCVJDpIiV5UKSKFeXbrcNVuma3bNYZr8CU84KMuPqpKda61VqrVXFVahm4TMRpmko+7/qFfy5/InLFFwJ79b3XkPYHu/D4D3fZeXzt1luF6e0qD4dWzC/8yHE92tbta3a1ulxu1xoWtC1oWl0oWmsVoWtK1pWtJZ0rSAtYVKu3HZjw2Usy3zbL+R7yMi8p4Sv1KHrESalf/itJxcGsenQlaK08D4prUVUlJWBFIyFiuOpOXz5Ki5r48Er2zwVfT8l6FRazwPqQOJDgHfQHMvf5+0VPzD0r4ecCvOBXnhpLgNJcRr6oKV9WSlvFfVyr6sdLdSpbo5S3J2luDteedpZblRINzmI1Z2WVkzWWIbjonJ1VqpVr3i24nkGK22gN+rHDPFwvyqX4UL86L+RF9I8net39WvYewndz6PgPd9vZMq9shs8Nh2b25tZ2/8AkUOvZZf+bbX83258LnN8na1kOyndm7sbq/evRcUzs/n01spHHZj+NJD5yZ/hIT+ppWsKhSWyQx4h/wDgtB3Q6vscxk0rSqjHLVCzXDC4zwx7Zpc4zx8eNc6wVaaTVhRLUpKtSzVIqckpOuovIekvDTWKxWmtK1orRWitFaKajOvORrVDBjRb5bKWyQdwZs0UjALZbzlXgdMi7OHRvm4ujSvGkzWmmxyccdMcqFeJlSl6nF/J/pHvJ1h0t9LvW7+tS0C/gHufH4p3c8GmXpBtbObQK7ZpcmZs/wDyLCu11mrsvtA3WzjT0faNpfzeOaz4Zq/x1dtHlEcWwxdV6+1KSvhN/wCj+Gy1qK8bbfyRehL7HeLHsCUg032v/wAFoOtvq8V5H1ItPahYh5W1ivFV4akQfUvh8c8cohfKl5pxpMauSYySrguJLwSpXT8U5DS1HT+uPIudaa01orTWmtNYrFNRXXkj2YdLZRRcnzpxTXIrrNznMP8A0sp29eekOnKXeFQtkVaaxWPD3jDmQi4bdcpos0tfI+7/AKQ7yJ6wH0DTnU9+tSrQ9ge7n0p0f7LDYH709ao1stVr8y3hZjSL5xnWs5pCv77D7LXerP3Empv/AB1pat0AYDPgn2/GX/1Ffx5Eatew9wmOT754l2y5N9KJQ/8A4rTVCopSKngtZoudPC4IW082vlXOvbK0te2Fx0qi5rjqXnhazprOU4oa5rBV0LMLU78U5G0TLy0yn9cORc81isVhaxWKwtYoB/LDuDjkoHknXgp9vgBdLqkpp/aLRGfnypT7LGoN1WnAs2h9y1KOF+yGPr9nebVLXu53UH8LY/mRPWielKc5vfrrSrSdke58U7f+3Z6I+5NViYsdWLkwSwLqAMBNCPLUvp+Ebktr+bPhIuO4lpeRIYkg/LjdUUvqzx0F2aUmZovPFcQEFuGXhuzJBHnBIcS6sYO4IQMOI7Hr4Sf+sLO92iP6N/A3glZr2Km+SJXvWftXx2LsYXe9sQ4zDLtptbxPbKWCSk/+PYplcdlr3AQk9WklJwiccta/1uZfFK4VwSuVe68sUvAKRa98cVVfDVxdxmT+x7JycZN5BjIJNdgaPn9mUrKVqSspQkutNSvpMtqbOSbw6aG6bhe6YJ0co3xp1C0OSXY48VXFYrHhETFezlNc6xxIPy6f6491O4nbGnOp/wDWpaHsj3Ph8U7sTzAfxzrLeHGachE205Fcad3oNAizv2Q71JT0XezBtDQrHjJHH6enlktbYh9KZV1iALMlbdqjpbtLn0kUKLB8s79OT6eNvIUaDdsV8H0/oMhrv38mPabX4ZrNZoqDki8FrNZrNZrNZrPjsJDbi7BEvBzUdI2o0WcvublnbO2xJdgEiQve3cJWeHvqXX71njnhq4Ui8dXHKJSl4CtZwq6BR0si8v8AY5iHXYLK5f7a/apMcETFJyLw0VorRW7pG63SVukrdcX2iaef9UtcZbZcdJm2UDDLSYGvTUhU3UlfyavTms1mh4kwGlr2NKbT1aaRKPuL2E7vzTtJzc5vfr+6pwHtD3Pj8VpyGtw2X+h3QX/pV5V4rbedI2m8q63ZrpmdbZUWM33XLlDZlLdIIExcIsiS3KjvGxOiyEjzI8oGZ0WQf1W36Unw1kfUYSKk+Hrcdbaa+owdPn4eWJragslhKSVGWhITZd/Tt46ts/5Ie13ys1ms1mi6qzWaz458c1mkXjsj6/45uCk1EgPeZivloiw3wkjdhJI+0Wpr+Ox6Khqo3HmPGk6vel8PjXBaXw5Ulacp7qvAxwj3ebTLeg1GzvuFZpVi8pGkthvhHgo1prXWutda63lb1a3q1vVpwt424y6T7cNsK1aU3hVrWlJaytPEqRj4WyN+d5/deY8I46nkHAIlENAnq8D7ir+D/bn1iv4kXi6vqc/XXnmk7Sdxtp16nG3GlHu7DXNJ+xSeBdNZ47Q/9a33ZiOFtg9EKFIhOKzdbURxr+upm42EBbtLylGvKMgzsfcYqSbiDoytn0R76zceN9u7UZIoNmu1bLLS7NMiLNy3ajUARSxufq7JRwe/kf8Ak9sB2gzWfDNZpV8M1ms1ms1ms1nxzWzAeW2Cu542c2Wlb3ZR9d/a9j7l5y2OFvqvLaHsd7LUdf7eayqp8a+eqlpfDkma9/fFJwHKZpzgLrgrGb4UDjgsWp1Ys27wNzcRQkAEyOmt3SY8M4re1va11lKzQt5EhQfDTx0LW7KsVpoLXcJsJxovpQmaUAkdbkq3NRt22W/ZVEcBEJ5uhcHVvApHQo3BV0ng3SFlz3A03eqnc6j7MWDMnT7b/Fkt5mL/ABlYGHI2yWzkQG2GGQvFmtt4tl3tbtq2q/jx5Wdv15pWqlWtVX9f+Lb7yw4xS3YUWQ99KgZC1MK8NshBTEOPGQbbCEvpEBRS3RBkFbohNfS4mt+M1JYW1RFi/SoqvJaYiR/IR1NLXHphgY8IuxsewabYfyUSncc//hn/APFKtoj9C2vm+Q2N2CUX/wCP1abBjZS8DD22b3ZM3OOSsivppOFNqigqjXy9/jjgte1e+OK+CKupM50rlc5c6CAdDTfqbZTUsZBMd4pOM0IaV01ppKSlpa4CICRkCJjSi0qIlKlBpyZcdS4JTwpFln1GO2DjNmkOMs2htXKA1JvWWFMtWoqAyrWWFU6HVqc1oiEeFNzOp5R1uUBlrUlwKlWoqUvTshaAs+yOSptz072ld9Tjy426QU262fleS22Rcp4FzVavLorbBTiiVj04r3HkvL3zSLXt9qUlZou3Eu42mbe5zN+ZsP8AHIXmG5/DV2Q//wCN3rB/w9tAKSP4u2uYSRshtJFFyHLYrStaSrSVYWtK1pWsVjwwtbP7KuSmW0EI/wDJU3Eb+M3c2KQ5u4OsglbK3dLvs26Ab3aCAts2xRfCIWY3HTwRMZr2JfTbv40mTrSn8TyMJ/Ex0n8Ux6//AJXbKH+LLMlJ/GWzqUn8bbMoqfx7swipsFssipsVsslDsls03SbNbOIn0SyBXkbeCEzD0zotulhM2egEkq0yI1aMLu6ThWqs0RiIjkjRaEqQq0ehUSm2tZLFSjb0q9IAEN0iptC3rxm9Kkl+Fg3RNWXEVHHhreAtAgFTEbWT7O6LTSpx8cloXmi+tenNAtNtPvjafybM6KTCuGYhRSQz5gakxxllI2Ts71RSKuNcau63Fqx3LbHaG1z3NuJDtJtmVJtrX+b1/moV/mTVDto0lf5qzj/NI9LtlHVE2ui0O2cWv8zirX+YRaTa+LSbYw6/zCGtJtfCpNsIVf5hDotr46jmEsx4om7ZEyd2L2ovLW3Xjxo22zR2yWh9f8YsFf41YNJbJbNEX+K7NDR7MbLOIuxeypDL/jnZaVAifxrslER3YTZIkl7N25Wdy35K+bHR78Wx2zsmxXK5xN5ZS2L2nGth4d5tN9MG1Z26gSbhtcmz18odm7+qJZbtHbLWhZrK1xVW7Pe0LY6btMm0QmJNnLihSTIa0KtnWlK00qUtZHCmNG80lHLYGnLgxT1xap+7tjT17GnLya0dyeOidIyrNZpTQUt1oW4MBZWlChzScF1poIky0SIL0/d048++SRlwgoNJTLbUaA8ZPyw9I49KEqUbqqWpukNETWlPAQUC+t0hpKXNJnT7p1LqwmqkFcQLpMtjze3dxEWdtri4CbZXanNsbsqS9rbwaTLzOfS33ybFpna90ab2tfVP8qkUu1cmntp5Bt7Qm/cpX0m5Y+mXCvps+vp82vIy0rycmvKv15Z6tw7W4drdnWha0rWn7eNca1FX5CqMW5psoziSHDaa2P8A5ISG9e/5Ztse3W/+W5DtwX+XYGof5VszlNfyPanFg7SnPpp2Y5Sga0USOag2y0mUpTrUvgqCqbiPSMiiFDZcpLbEFUZAaUBxMnWi2j/mmzG8l/yRsnEqV/L0fVL/AJL2hkpNmSZ8/wB697NtterSje0MF6KotTIL8aW282Am7b4z0dyTeLxGRq9z3GhuM8h+ozK+pO4O7Yp28JT97KpN8k1Iu750ctSXfZrXSL4p4F+wjjgRZj7zle4eHxToCrt1hyLkXU1+xtD/APQDy8PgvP3DnM/TXvBzWg5l3D6Boeug5vfo0XK3/r5XDnGn0RCd5NfsPd6IRYBV0GRU44dQSJdtkRPDSmNI0YjudI40BhG29Ktt0TTWNwxSx2KcjR8PRo1ORY2G4kXevQ4nlHokXDsePlWGdMoAR+1NNbu7cL6C06q4XrWm++PT/FUWMWxqNNJ9i/YvKhpK9/H+TpsyPUNw5T1/9D/u33R6fD28IP8A85swqjtzO6p4j5GL6tnk/wC4lom8fMxInXclIf0jIkZB57TMeew4RKS+KUnJPD//xAAzEQACAgECBQMEAQMEAwEBAAAAAQIDEQQSBRATITEiMkEUIDNRIwZCYRVDcYEkMDSRUv/aAAgBAwEBPwGW2Cyd590bY57itjB7UOS+TTamFa7o01itjuQxfYvdyRX7nyZEkP2kPJa8TKjQ1kqa7ViSNTwWiScodi30TcRiHyRwbWbX0pCYy6OaxruSP7if5BeC/wDEU+SxOUMIrpmh0yY9Ozin/j6T1Id62jk/JTZZOe2JTrnXTGK+DX6/r14RVVfqLMQNNwqar/meCng7c1vfk1vDJ6SG5mG1nkjQ6b6q/Hwa7h0tK9y9vJyrmvURWY9jEimqOcyL+mpYOpGBotbOiX+CjX1Xz2oTR55/3cokM7hEhSwMl4Ie41Hk0/g0cO3K38bL/wA0uUIym8InTZD3IwJFc3XLcjh+qjqac/IyXgtWJsmf3ln5BeC/8ZS+5O2yvwfV3FL1mozsXg0sejHN3dsUKNfVKuyBxjg2nsoUaI4aNRwXW04WMn0+ppXV29iGp3IosjfqI1/5NBwzS06lqvsmQ0+mhRvfqHXFYnX2RxNR1S6cSvRuFW1LsWcMnv7eCVsYycX8HDtXVRU2aribv07hIjJolDL7mzPtIw2xLpyybm+2Dp5jlle1mm1UKbM/Jp9StdqP0VU9L55/38okH6+UiPeRM74Ix9Rq24rJoM2M08NsOV34mW/lfLgmi3fzTLaaprEkW8Hps9vYu4RqavHcsrnX5OFal6e7HwxNSWUM1axayw/vLfyC8HSdy2ot0joWSzWw3qAq8mlpv06c0aWmN9PUu7Mriq7XJSJztssab7DhXZ6c+ovqhH0yRxLhctNB3w9p/Tmg0msluk8TR9NHfuI11V90bbZ3ty8HUhc3UuxGc9NftTyiWJ9zjdEatVuj8kLsLBO7t3ODrSalyjabMrudkjrNT7EcWFk4QQ7ZSQ3l4IR2yyaHUVx1MV9mfWPwQI/k5SIe4n5P7SPvNVBSicLqSZBYR8F/4Zf8Fv5GaPTy1F6giqlUVKEfgkQEW6am73ot4NT7oPBo1dCvZP4Ga+OJZLPB/eWfkF4Ot0nuNTqqbaO3kt0tsGrMdiOtjjsjQ6mV9LhLsdBSxufY1KhGnFZbbKyarJx+ntU4FqjdUrDi1q+glH9mluv01ylW8M0fHFsxfYsn+oQlLEXk29RF/wBTD0JFFNtt6ysYNs9xxbhv1tW+v3IsjOttS7NHWzHuVXyq8EpyUv8ABFylIVXq7EJSiz3d2OUYvDN8Jy7Ecp5ZVGpXRmReY5XP/cPggL3iLOxX7yfuH7CPvL5HCoZjkQy/8Eiz8jOB6HpV9WXljH5Irm+/JnEY/wAeS5vCP7yx/wAgu8SaTNJRVO3bInFOvYl4NWoafVfxlPHdFD0XLayOs61eavB15qe1mqqvhN2YyaSi2+3dZ2SNtdabRxTUvquLJGXk4fxCWjsy/BpuIUXRzFi1EWyV0IQyW8ThH2j4lVKOV5OKTcrN37HjJw/hL1sHPODd6trKa4xtzLwWqMpekwLEkQhX/cXQqi+xPduErOxoLM145/7g/BWxy/lwKUiWWir8hP3D/GQfrNR4OGV7KFywX/iZpdM9Rrtn+SEVXBRQz5FyX2ayOaGXyxBG7+Qu/IJ+g1Gs0+nlixlOoryraZZNRxZ1v0o1N8rJ72XN2+qbyU8dtqoVUOxXxe6u3Mnk0OqjbT1I+DqTtfgk/iRxPR29XqvwTjhm0hSpe4qm65ek0/FHV7lk1XF7LY7YrBDUrd3FOM+6NbKNs8GxZOHaaOn06g/JOSS7ie7vEU3KWGSe0jUn33E5TUjepYZjDHb+jQcQUdsRSzyf5h+0qJyxqMCRb2gVfkJv1En/ABZK5JzQ4b5pFK2xFyt9jOEaTp7rJfPJmOS+29ZqaNe3Gtf8n96NZdCqWZGs4zP20movtulumyF9tb9LHrtR8s685x9Q7G/BHdkVc2zgcLPpcH1HSjhIV1dz9Rq6Fua+GarSuqeBRwyU/hFelvayos0PCq7K83Lua/h1VscYx/kvpnVa4NdyK2d8k447o4LpdLqovqLujS0RfcrUm/UKdVDx+yTg3lEpRn3G5N9hSfhoksm3aSkuxXH1mglKUcPlJJWkvaVeTUYjduZH2o1H4yn3k2uoT/AyqX8iNPiWoiiAuWMmFHsuT+9kvYcSwo9/2L3I4rGH07kyckN7hR7jjkrSjHDKKZW3KMFlk9HqaVmUGjRaXry3Z8GnnGVMoLsW3uEO5pbXZcthqa3hteTitsXYoR+CU8I0lErrkitKusnq3BbkUXxujkt0VPW604l8V15EWlLucKuhXJxl4ZpHtjjJHbLuba4rMvJXJPOSKhN9iytSl6SMtq7ojZBrMhOGMjgp+oismhdsMRZF5iW/mJe007zNmo29TuQ9qNT+Mp/IT/8AowT/APnZCxp/9mji5apS/wAEOwhiM9+UvvZLwcXWP/0sc13j+jXa/U3ScJdjyeERPB1Wf07w56if1Cl7SqFc6tpxGmfDtX1K+yNDdG/bOBfoNPd7iGi0+mjiBqr4wpcmah5tciK3M4XUpX4z4LsrsOM75KMeyK9PiKNZulV04+WQ4NNzxKRPgkGvS+5LS3U/BoNfXBOFjK57ntIwl1PUXVSj3iQU4wykR7v/ACS6pCr09x2qIreyK8SeDS0S6aZjsXfmJe00/uZq3/KkV+xGs70so9yJ/wD0kvwMjE4dVl7iP2I+CXNfbLwce7JCf8kf+DivDFdJ20E4Srlh84RcizS2wjvx2P6SlXXNtz8/B1aq7Ms49q6rVtOD2QrhKTlhlesw87k0ajiMc4TOJauP0qgnlse614RpNDqLo5gjRaWWmr9cfUdOFuCOnrreUJxUu7Nqsn/g26Wie5d2Uuu3JbTGMWa6qdd7i+woqLMolho7j00o1dVFdcrHhFlM4+R0xkQpz4NGow1HfwUShJenld+cl7Sn3F69eSv2I1TxUUv1FjX1B/smPWcNj/GiK5vwLwfA/sX2M/qFPYn/AJJWV1zjveOxZfXuwpH0Wk1FfeJP+nPU5KXYhwCvPeRp+H6fTUdkatpVNNFm6mWYGk4lblq6TNRq5XywV1TxllcpQsTNNo6NXQpSiu5xDhXTTS8HDeG7q00ivRU1LbKeCFVePT3HZ0Z/yPBdxHS1/wB2WRdmtnvk+xc4ujangcoy8sqnh4g/JfG2dXc43KE9T2HEitxRoLJzW5dmX01UZwaeeILf4HpoUzV0PA6arZdy/QdOD2rOTS0SU2pEOG3O57TQV3UT2T5XfmH7SrtMt7zK/aajvAr7WFkf58n+yxZ3GgjilC7c5+BeBj5r7bJqEdzOOcTo1C6dTySdljzLudNlVt1DzFi4nKyvZJFU9w/xM1FUra8RKuGuX5C3hFe7sQ0FMO5qGodkb0pZOGWxs0MZNnEdVF1bDST6WnW0tm3a2aOc4RccH9QWrC5cP1Eo3Kv4ZXGu2vaX8Nv3+jwaXRbV/k19sa6sF+mnrNZKNffA0KicVnBpsdGJbpq7b9psq3Og2xVSR1Epi1Cl2wOuvBCKUsothbv37uxHXVqLTfdHXtsnul4PqY+Cp+on+Qh4LfAs9cn+Q/2yKW40i/iXNExeOT5fP2s/qfVujSquL7yKaN/dirqj8Hp/ROKNy8GhtTe0zDGGJ6eJ1NOWPTziNI4hJRZKWTQa/U0y2wnhFvEWvdLJwzWVXVKDZGHqRbqFTU1FnEtQrWlnInkhJwluRpuKQjiT8leurmt2S3iMH2jLBxXiLu/jgzgFUlZKXLT9K3TqJBKmGD6mKuzkucZ37kx6+uurbnJLV1zj6T6m+K8lusulFLJDi9kI4wajiVt0MEZSbOtZjGSnWWKWJeB6l59MivUTjcsMplugi32kfyE/cf7ZHtI4bcp1Y5ol5FyfNclyZ/VNnU10Kv0iMVtwYR2HFNFsXGwrk4WKR74jrHE2ZJUnEdyv7jN2CtvcVSnCSlElxfU4wXa/U39m+xskRhLJPb8CbIai+uGE+w5N9z5OE5jT6fk3yjMeruhP0ss1+qce8hSk+7N11XdMi3nJvZ1pZwK3PYyn4JRbNssmSMsywOHfJoaVZlM4XC2Dkm+xZ7RfkJ+Reww95p9Q9PNMptVsFJc/kX2IX2M/qBN8Wy/0jrJPApZROcskJS+TURjZDcinTRnhtlddexdzpVfs6dP7NlH7NtH7OJcPq1eMPBdwf1YhI/0e3d5KOHxpj6+5Y4x8DkQnhG+b+eWlq6yaSNPwyW7+XsjWxlpbnVIcfkRodfPSditwnHLNsY2EV1ZdzsyyM8kk1FNEl27DjmBBSkbp12ELd6Iv9k6+2UbNsU2aPT9aXqKNLGiRVBR7lntP7yRH2EveT8HCdY4WdOXg8j8C5PmvtZx2hzzZZ8eCyq1v0eCEWSr3x2yIV7VhEoJwwVrbDBHdg7mHywOOSUWhykh7pLBLRuXyTqnF4HXKKNxp9kr0rPBwjS0OTWzsazS0yq9KONt6jUuUfghJ+Bx78oRjs2jo7dicJJ+kjTNM2fssrWB4hHBhrsh/xolNZXY0+nnd4RPh96l4KqN8tjRXwr0epn0yglj4PlFftJ+0/vJEPYSXrLPaVSal2OG6nr14flDYnyY+S5rkzjNHW0cn8o2iwjMWLAyMXISMGDaYZtGiUTabRwTJ1RksF2i294ihPPg4RxJaeKru/wD01euorpc9xqLt8ns+SmmTlgsqakbGdOJgcUYMZGOvJsHWU6GV8kabSxpr2mEOquuWULwPuy30yRU/QS8D95Ih7CS9RZ7SHk0V/QtTNyayiPJkjIvtZet1UkTysojXFonU4+CLfKnV103dOfyRs07N2nN+nN+nOppx2Uk7K8ekcTabRokhxyiEFsJJ4J6ff5ZDTxrNptyOCJxlW+4yFc7PCNPpLtjbQ6VF7f2f6U8eSPD4pYZdo7K5/wCD6GLaKqK61252+TV6i3Sw3LwV6yFsd+7uT4gvDK+Kvb6UR4x1LFDBnMsjIe0l7ix9iHkiaOzfSheOcuS5LmyRxTQzha7ILszqOHY6mTehy7ZNRdvtyjRa2tx22PDE4y8CHziu4', 1, 1, 1, 1, 10);
INSERT INTO `baiviet` (`ID_BaiViet`, `TieuDe`, `NgayDang`, `GioiThieu`, `AnhDaiDien`, `NoiDung`, `ID_TheLoai`, `ID_CTTheLoai`, `ID_LoaiTin`, `ID_TaiKhoan`, `SoLuotThich`) VALUES
(102, 'Bà chủ công ty xăng dầu ở Sài Gòn bị bắt', '2021-09-17', 'Bà Lê Thị Anh Thư, 53 tuổi, Giám đốc Công ty TNHH TMDV Biên Khoa, bị bắt do liên quan đường dây buôn', '102_1.jpg', '<p>Đại t&aacute; Nguyễn Ngọc Quang (Ph&oacute; Gi&aacute;m đốc C&ocirc;ng an Đồng Nai) cho biết, động th&aacute;i n&agrave;y nằm trong qu&aacute; tr&igrave;nh mở rộng điều tra chuy&ecirc;n &aacute;n bu&ocirc;n lậu, sản xuất 200 triệu l&iacute;t xăng giả do Phan Thanh Hữu (64 tuổi, ở TP HCM) v&agrave; Nguyễn Hữu Tứ (64 tuổi, qu&ecirc; Vĩnh Long) cầm đầu.</p>\r\n<p><br></p>\r\n<p>Hiện, C&ocirc;ng an Đồng Nai đ&atilde; khởi tố hơn 70 người về c&aacute;c tội Bu&ocirc;n lậu; Sản xuất bu&ocirc;n b&aacute;n h&agrave;ng giả; Mua b&aacute;n tr&aacute;i ph&eacute;p h&oacute;a đơn, chứng từ; Đưa v&agrave; Nhận hối lộ... đồng thời phối hợp với Cục Điều tra H&igrave;nh sự Bộ Quốc ph&ograve;ng để điều tra 13 bị can thuộc thẩm quyền của cơ quan n&agrave;y.</p>\r\n<div id=\"simple-translate\">\r\n    <div>\r\n        <div class=\"simple-translate-button isShow\" style=\'background-image: url(\"chrome-extension://ibplnjkanclpjokhdolnendpplpjiace/icons/512.png\"); height: 22px; width: 22px; top: 41px; left: 10px;\'><br></div>\r\n        <div class=\"simple-translate-panel \" style=\"width: 300px; height: 200px; top: 0px; left: 0px; font-size: 13px; background-color: rgb(255, 255, 255);\">\r\n            <div class=\"simple-translate-result-wrapper\" style=\"overflow: hidden;\">\r\n                <div class=\"simple-translate-move\" draggable=\"true\"><br></div>\r\n                <div class=\"simple-translate-result-contents\">\r\n                    <p class=\"simple-translate-result\" dir=\"auto\" style=\"color: rgb(0, 0, 0);\"><br></p>\r\n                    <p class=\"simple-translate-candidate\" dir=\"auto\" style=\"color: rgb(115, 115, 115);\"><br></p>\r\n                </div>\r\n            </div>\r\n        </div>\r\n    </div>\r\n</div>', 2, 1, 2, 1, 20),
(103, 'Tôi đi cách ly', '2021-09-11', 'Nhờ những ngày cách ly, tôi phát hiện một người quan tâm tới tôi gấp đôi vợ tôi.', '103_1.jpg', '<p class=\"Normal\" style=\'margin: 0px 0px 20px; padding: 0px; box-sizing: border-box; text-rendering: optimizespeed; line-height: 40px; color: rgb(34, 34, 34); font-family: \"Noticia Text\", sans-serif; font-size: 20px; font-style: normal; font-variant-ligatures: normal; font-variant-caps: normal; font-weight: 400; letter-spacing: normal; orphans: 2; text-align: start; text-indent: 0px; text-transform: none; white-space: normal; widows: 2; word-spacing: 0px; -webkit-text-stroke-width: 0px; background-color: rgb(255, 255, 255); text-decoration-thickness: initial; text-decoration-style: initial; text-decoration-color: initial;\'>Đ&oacute; l&agrave; nh&acirc;n vi&ecirc;n của MOM - Bộ Nh&acirc;n lực Singapore, gọi video qua Whatsapp h&agrave;ng ng&agrave;y để theo d&otilde;i sức khoẻ v&agrave; gi&aacute;m s&aacute;t việc tu&acirc;n thủ c&aacute;ch ly.</p>\r\n<p class=\"Normal\" style=\'margin: 0px 0px 20px; padding: 0px; box-sizing: border-box; text-rendering: optimizespeed; line-height: 40px; color: rgb(34, 34, 34); font-family: \"Noticia Text\", sans-serif; font-size: 20px; font-style: normal; font-variant-ligatures: normal; font-variant-caps: normal; font-weight: 400; letter-spacing: normal; orphans: 2; text-align: start; text-indent: 0px; text-transform: none; white-space: normal; widows: 2; word-spacing: 0px; -webkit-text-stroke-width: 0px; background-color: rgb(255, 255, 255); text-decoration-thickness: initial; text-decoration-style: initial; text-decoration-color: initial;\'>Chuyến bay đầu ti&ecirc;n của t&ocirc;i sau m&ugrave;a dịch l&agrave; từ H&agrave; Nội sang Singapore. Cả chuyến bay chỉ khoảng 50 người. Trước khi bay, Cơ quan Quản l&yacute; xuất nhập cảnh Singapore (ICA) y&ecirc;u cầu h&agrave;nh kh&aacute;ch phải c&oacute; x&eacute;t nghiệm PCR &acirc;m t&iacute;nh trong 48 giờ; giấy chứng nhận ti&ecirc;m đủ hai mũi vaccine thuộc danh s&aacute;ch của WHO tối thiểu 14 ng&agrave;y.</p>', 1, 1, 3, 1, 10),
(104, 'Tây Ban Nha thua đau ở futsal World Cup', '2021-09-27', 'LITHUANIA - Dẫn trước hai bàn nhưng đội tuyển futsal số một thế giới thua ngược Bồ Đào Nha 2-4 và bị', '104_1.jpg', '<p>Anh1</p>\r\n<p>Hai đội tuyển thuộc b&aacute;n đảo Iberia đều l&agrave; những cường quốc futsal. Trong khi T&acirc;y Ban Nha đứng số một, Bồ Đ&agrave;o Nha đang xếp số s&aacute;u. Giữa họ cũng c&oacute; nhiều &acirc;n o&aacute;n. T&acirc;y Ban Nha thắng năm trong s&aacute;u cuộc đối đầu gần đ&acirc;y, nhưng Bồ Đ&agrave;o Nha từng vượt qua đối thủ l&aacute;ng giếng ở chung kết Euro 2018.</p>\r\n<p><br></p>\r\n<p>Đ&atilde; qu&aacute; hiểu nhau n&ecirc;n thế trận hai đội tạo ra kh&aacute; c&acirc;n bằng. T&acirc;y Ban Nha c&oacute; cơ hội mở tỷ số ngay những gi&acirc;y đầu ti&ecirc;n nhưng Aldofo Fernandez đệm b&oacute;ng ra ngo&agrave;i trước khung th&agrave;nh trống. Cuối hiệp một, họ được hưởng phạt đền 10 m&eacute;t nhưng kh&ocirc;ng tận dụng th&agrave;nh c&ocirc;ng. Bồ Đ&agrave;o Nha cầm b&oacute;ng nhiều hơn, tạo nhiều s&oacute;ng gi&oacute; về khung th&agrave;nh đối thủ nhưng đều thất bại ở những pha kết th&uacute;c.</p>\r\n<p><br></p>\r\n<p>18</p>\r\n<p>Thể thaoB&oacute;ng đ&aacute;C&aacute;c giải kh&aacute;cThứ ba, 28/9/2021, 06:34 (GMT+7)</p>\r\n<p>T&acirc;y Ban Nha thua đau ở futsal World Cup</p>\r\n<p>LITHUANIADẫn trước hai b&agrave;n nhưng đội tuyển futsal số một thế giới thua ngược Bồ Đ&agrave;o Nha 2-4 v&agrave; bị loại khỏi tứ kết futsal World Cup 2021 tối 27/9.</p>', 2, 1, 7, 1, 10),
(105, 'Cách Trung Quốc ngăn tác động của khủng hoảng Ever', '2021-09-28', 'Ở nhiều nước, việc một tập đoàn nợ hơn 300 tỷ USD sụp đổ sẽ gây chấn động cả nền kinh tế, nhưng ở Tr', '105_1.jpg', '<p>Ở nhiều nước, việc một tập đo&agrave;n nợ hơn 300 tỷ USD sụp đổ sẽ g&acirc;y chấn động cả nền kinh tế, nhưng ở Trung Quốc th&igrave; chưa chắc.</p>\r\n<p><br></p>\r\n<p>Thế giới t&agrave;i ch&iacute;nh đang d&otilde;i theo cuộc khủng hoảng của Evergrande, nh&agrave; ph&aacute;t triển bất động sản mắc nợ nhiều nhất thế giới. Tuần trước, thời hạn thanh to&aacute;n 83 triệu USD cho c&aacute;c nh&agrave; đầu tư nước ngo&agrave;i đ&atilde; đến, nhưng kh&ocirc;ng c&oacute; dấu hiệu cho thấy Evergrande đ&atilde; đ&aacute;p ứng c&aacute;c nghĩa vụ của m&igrave;nh. Điều n&agrave;y đặt ra c&acirc;u hỏi về điều g&igrave; sẽ tiếp tục xảy ra.</p>\r\n<p><br></p>\r\n<p>Theo nguồn tin giấu t&ecirc;n của New York Times, Ch&iacute;nh phủ Trung Quốc vẫn chưa c&oacute; h&agrave;nh động cụ thể v&igrave; họ muốn t&igrave;nh huống ngặt ngh&egrave;o của Evergrande sẽ cảnh tỉnh c&aacute;c c&ocirc;ng ty kh&aacute;c về việc phải c&oacute; kỷ luật t&agrave;i ch&iacute;nh.</p>\r\n<p><br></p>\r\n<p>Trung Quốc từng kiểm so&aacute;t rất tốt c&aacute;c cuộc khủng hoảng t&agrave;i ch&iacute;nh trong qu&aacute; khứ. C&aacute;c nh&agrave; kinh tế trong v&agrave; ngo&agrave;i Trung Quốc đ&aacute;nh gi&aacute;, v&igrave; tin v&agrave;o c&aacute;c biện ph&aacute;p bảo vệ của ch&iacute;nh quyền, nhiều nh&agrave; đầu tư vẫn sẵn s&agrave;ng đặt cược cho c&aacute;c c&ocirc;ng ty lớn d&ugrave; c&oacute; triển vọng trả nợ k&eacute;m.</p>\r\n<p><br></p>\r\n<p>Tuy nhi&ecirc;n, về l&acirc;u d&agrave;i, rủi ro của việc n&agrave;y l&agrave; Trung Quốc c&oacute; thể đi theo bước ch&acirc;n của Nhật Bản, nơi đ&atilde; chứng kiến nhiều năm kinh tế tr&igrave; trệ dưới g&aacute;nh nặng của khoản nợ khổng lồ v&agrave; c&aacute;c c&ocirc;ng ty hoạt động chậm chạp, k&eacute;m hiệu quả.</p>\r\n<p><br></p>\r\n<p>V&igrave; vậy, bằng c&aacute;ch kh&ocirc;ng mạnh mẽ đưa ra t&iacute;n hiệu về một g&oacute;i cứu trợ Evergrande, ch&iacute;nh phủ về cơ bản đang cố gắng buộc cả nh&agrave; đầu tư v&agrave; c&aacute;c c&ocirc;ng ty ngừng chuyển tiền cho c&aacute;c c&ocirc;ng ty rủi ro, mắc nợ nhiều. Tất nhi&ecirc;n, c&aacute;ch tiếp cận đ&oacute; cũng mang lại rủi ro, đặc biệt nếu sự sụp đổ g&acirc;y bất an cho người mua nh&agrave; v&agrave; c&aacute;c nh&agrave; đầu tư tiềm năng của thị trường bất động sản.</p>\r\n<p><br></p>\r\n<p>Eswar Prasad, Gi&aacute;o sư kinh tế tại Đại học Cornell, người từng l&agrave; trưởng bộ phận Trung Quốc tại IMF cho rằng, việc Evergrande đột ngột vỡ nợ &quot;sẽ l&agrave; chất x&uacute;c t&aacute;c hữu &iacute;ch cho kỷ luật thị trường, nhưng cũng c&oacute; thể l&agrave;m ảnh hưởng đến t&acirc;m l&yacute; nh&agrave; đầu tư trong v&agrave; ngo&agrave;i nước&quot;.</p>\r\n<p>Anh1</p>\r\n<p><br></p>\r\n<p>Nhưng cho đến nay, c&aacute;c quan chức Trung Quốc tin rằng họ kiểm so&aacute;t được t&igrave;nh h&igrave;nh bởi vẫn đang sở hữu một loạt c&aacute;c c&ocirc;ng cụ đủ mạnh để ngăn một cuộc khủng hoảng t&agrave;i ch&iacute;nh, nếu vấn đề của Evergrande trở n&ecirc;n tồi tệ hơn.</p>\r\n<p><br></p>\r\n<p>Zhu Ning, Ph&oacute; hiệu trưởng Viện T&agrave;i ch&iacute;nh N&acirc;ng cao Thượng Hải, cho biết ch&iacute;nh phủ &quot;vẫn sẽ cung cấp sự đảm bảo&quot; cho nhiều hoạt động của Evergrande, &quot;nhưng c&aacute;c nh&agrave; đầu tư sẽ phải đổ mồ h&ocirc;i&quot;.</p>\r\n<p><br></p>\r\n<p>Chủ tịch Trung Quốc Tập Cận B&igrave;nh khi bắt đầu nhiệm kỳ thứ hai v&agrave;o năm 2017 đ&atilde; x&aacute;c định việc kiềm chế rủi ro t&agrave;i ch&iacute;nh l&agrave; một trong những &quot;trận chiến lớn&quot; của ch&iacute;nh quyền. &Ocirc;ng sắp bắt đầu nhiệm kỳ thứ ba v&agrave;o năm sau n&ecirc;n sẽ kh&ocirc;ng để xảy ra bất kỳ sự tổn hại ch&iacute;nh trị n&agrave;o v&igrave; khủng hoảng Evergrande.</p>', 8, 2, 3, 1, 10),
(106, 'Roma - Milan: Điểm hẹn của Mourinho và Ibrahimovic', '2021-10-31', 'Trước khi đối đầu nhau ở vòng 11 Serie A tối 31/10, Jose Mourinho và Zlatan Ibrahimovic từng cùng nh', '106_1.jpg', '<p>Cả hai lần đầu hợp t&aacute;c m&ugrave;a 2008-2009, khi Mourinho dẫn dắt Inter. Ngay m&ugrave;a đầu tại s&acirc;n Giuseppe Meazza, họ c&ugrave;ng nhau đoạt Scudetto. C&ograve;n Ibrahimovic trở th&agrave;nh Vua ph&aacute; lưới với 25 b&agrave;n, nhiều hơn một b&agrave;n so với Diego Milito (Genoa) v&agrave; Marco Di Vaio (Bologna).</p>\r\n<p><br></p>\r\n<p>Năm đ&oacute;, Inter v&ocirc; địch sớm, nhưng Ibrahimovic c&oacute; l&uacute;c ấm ức v&igrave; cảm thấy đồng đội kh&ocirc;ng hỗ trợ anh ghi th&ecirc;m b&agrave;n để đua tranh Vua ph&aacute; lưới. &quot;Cậu ta lao đến chỗ t&ocirc;i với vẻ tức tối v&agrave; h&eacute;t ầm l&ecirc;n: &apos;Ch&uacute;ng ta đ&atilde; v&ocirc; địch, t&ocirc;i đ&atilde; gi&uacute;p c&aacute;c người rất nhiều để v&ocirc; địch. Thế m&agrave; b&acirc;y giờ chẳng ai gi&uacute;p t&ocirc;i. T&ocirc;i muốn rời s&acirc;n ngay l&uacute;c n&agrave;y&apos;&quot;, Mourinho kể lại trong một cuộc phỏng vấn năm 2014. &quot;Nhưng t&ocirc;i giả vờ kh&ocirc;ng hiểu. T&ocirc;i hỏi lại: &apos;C&aacute;i g&igrave;? C&aacute;i g&igrave;? Cậu muốn uống nước &agrave;?&apos; Rồi t&ocirc;i n&eacute;m cho cậu ta chai nước v&agrave; n&oacute;i: &apos;Đ&acirc;y, uống đi v&agrave; quay v&agrave;o s&acirc;n ngay&apos;. V&agrave;i ph&uacute;t sau, cậu ta ghi một tuyệt phẩm&quot;.(Ảnh)</p>\r\n<p><br></p>\r\n<p>Nhưng, sau m&ugrave;a giải đ&oacute;, Ibrahimovic cũng chia tay Inter để cập bến Barca. &quot;T&ocirc;i sẽ v&ocirc; địch Champions League&quot;, tiền đạo Thụy Điển n&oacute;i. V&agrave; Mourinho đ&aacute;p lại: &quot;Cậu c&oacute; thể rời đi, nhưng ch&uacute;ng t&ocirc;i sẽ đoạt Champions League&quot;.</p>', 4, 2, 7, 1, 15),
(107, 'Thủ tướng Nhật thắng lớn trong bầu cử quốc hội', '2021-11-01', 'Đảng LDP của Thủ tướng Kishida giành chiến thắng trong cuộc bầu cử Hạ viện, giúp củng cố vị thế cầm ', '107_1.jpg', '<p>Thủ tướng Kishida họp b&aacute;o tại trụ sở LDP h&ocirc;m 1/11. Ảnh: AFP.</p>\r\n<p><br></p>\r\n<p>Nhiều nh&agrave; quan s&aacute;t từng cảnh b&aacute;o Kishida c&oacute; thể trở th&agrave;nh một trong những thủ tướng tại vị ngắn nhất Nhật Bản nếu LDP thất bại trong cuộc bầu cử, nhưng &ocirc;ng đ&atilde; vượt qua được dự b&aacute;o ảm đạm n&agrave;y v&agrave; củng cố vị thế để c&oacute; thể th&ocirc;ng qua nhiều ch&iacute;nh s&aacute;ch trước cuộc bầu cử Thượng viện v&agrave;o năm sau.</p>\r\n<p><br></p>\r\n<p>Trong cuộc họp b&aacute;o h&ocirc;m nay, Thủ tướng Kishida cam kết sẽ &quot;nhanh ch&oacute;ng thực thi những ch&iacute;nh s&aacute;ch phản &aacute;nh tiếng n&oacute;i của người d&acirc;n cả nước&quot;. &Ocirc;ng trước đ&oacute; tuy&ecirc;n bố sẽ soạn thảo &quot;g&oacute;i k&iacute;ch th&iacute;ch kinh tế mới trị gi&aacute; h&agrave;ng chục ngh&igrave;n tỷ yen&quot; nhằm giảm nhẹ thiệt hại kinh tế do đại dịch Covid-19, nhưng chưa c&oacute; nhiều th&ocirc;ng tin cụ thể về quy m&ocirc; v&agrave; phương &aacute;n giải ng&acirc;n.</p>\r\n<p><br></p>\r\n<p>Kishida, 64 tuổi, giữ chức ngoại trưởng Nhật Bản giai đoạn 2012-2017, dưới thời cựu thủ tướng Shinzo Abe. Trong giai đoạn tranh cử, &ocirc;ng cam kết chi mạnh tay cho c&aacute;c biện ph&aacute;p k&iacute;ch th&iacute;ch kinh tế thời Covid-19, cũng như giải quyết bất b&igrave;nh đẳng thu nhập.</p>', 8, 0, 4, 1, 10),
(108, 'Elon Musk đòi bằng chứng 6 tỷ USD giải quyết nạn đ', '2021-11-02', 'Tỷ phú Elon Musk khẳng định sẽ lập tức chi tiền nếu WFP chứng minh được 6 tỷ USD giải quyết được nạn', '108_1.jpg', '<p>&quot;Nếu Chương tr&igrave;nh Lương thực Thế giới (WFP) c&oacute; thể m&ocirc; tả ch&iacute;nh x&aacute;c tr&ecirc;n Twitter rằng 6 tỷ USD c&oacute; thể giải quyết nạn đ&oacute;i tr&ecirc;n to&agrave;n cầu thế n&agrave;o, t&ocirc;i sẽ b&aacute;n cổ phiếu Tesla ngay lập tức để l&agrave;m điều đ&oacute;&quot;, Elon Musk đăng tr&ecirc;n Twitter ng&agrave;y 31/10, đồng thời y&ecirc;u cầu WFP c&ocirc;ng khai v&agrave; minh bạch b&aacute;o c&aacute;o chi ti&ecirc;u.</p>\r\n<p><br></p>\r\n<p>Musk đăng đoạn tweet sau khi David Beasley, gi&aacute;m đốc WFP, ng&agrave;y 26/10 k&ecirc;u gọi c&aacute;c tỷ ph&uacute; gi&agrave;u nhất thế giới ủng hộ &quot;chỉ một lần&quot; để giải quyết nạn đ&oacute;i to&agrave;n cầu. &quot;6 tỷ USD để gi&uacute;p 42 triệu người, họ sẽ chết nếu ch&uacute;ng ta kh&ocirc;ng tiếp cận&quot;.</p>\r\n<p><br></p>\r\n<p>Theo Bloomberg, số tiền 6 tỷ USD chỉ l&agrave; một phần nhỏ so với gi&aacute; trị t&agrave;i sản r&ograve;ng 311 tỷ USD của Musk v&agrave; chưa bằng khoản tăng t&agrave;i sản 9,3 tỷ USD trong ng&agrave;y 29/10. Viện Nghi&ecirc;n cứu Ch&iacute;nh s&aacute;ch v&agrave; Người Mỹ về C&ocirc;ng bằng Thuế cho biết gi&aacute; trị t&agrave;i sản r&ograve;ng của c&aacute;c tỷ ph&uacute; Mỹ tăng gần gấp đ&ocirc;i kể từ khi đại dịch bắt đầu.</p>\r\n<p><br></p>\r\n<p>Elon Musk thăm c&ocirc;ng trường nh&agrave; m&aacute;y của Tesla tại Grueheide, Đức ng&agrave;y 17/5. Ảnh: Reuters.</p>', 8, 0, 4, 1, 10),
(109, '\'Vax\' được chọn là từ của năm.', '2021-11-04', 'Hãng từ điển tiếng Anh Oxford chọn \"vax\", viết tắt của \"vaccine\", là từ của năm 2021 khi tần suất sử', '109_1.jpg', 'Công ty xuất bản Từ điển Anh ngữ Oxford hôm 31/10 cho biết từ \"vax\" (viết tắt của vaccine) được sử dụng trong tháng 9 với tần suất gấp 72 lần so với cùng kỳ năm ngoái, khiến nó \"tự bơm mình vào dòng chảy Anh ngữ\" năm 2021 trong thời kỳ đại dịch Covid-19.\r\n\r\nTừ này, cùng với những từ khác liên quan tới tiêm chủng, đã được sử dụng rộng rãi trong nhiều bối cảnh khác nhau, như \"fully vaxxed\" (tiêm chủng đầy đủ) hay \"vax cards\" (thẻ chứng nhận tiêm chủng).\r\n\r\nMột người phụ nữ cầm biển kêu gọi mọi người hãy tiêm vaccine (vax up) tại thành phố New York, Mỹ, ngày 25/10. Ảnh: AFP\r\n\r\nOxford theo dõi tần suất sử dụng những từ mới nổi liên quan tới vaccine như \"phân phối vaccine\" hồi tháng 12/2020 tới \"triển khai vaccine\" và \"hộ chiếu vaccine\" đang trở nên phổ biến từ giữa tháng 3 năm nay. \"Vax\" cũng được sử dụng trong các từ mô tả người bài vaccine như \"anti-vax\" hay \"anti-vaxxers\".\r\n\r\nCông ty cho hay xu hướng này cũng xuất hiện trong một số ngôn ngữ khác. Từ \"vacina\" được sử dụng trong tiếng Bồ Đào Nha cao gấp 10 lần so với một thập kỷ trước, còn từ \"vaccin\" tiếng Pháp hiện gần như được dùng chỉ để đề cập tới tiêm chủng Covid-19.\r\n\r\nCasper Grathwohl, chủ tịch Oxford Languages, cho hay \"khi xem xét các bằng chứng về ngôn ngữ, từ \'vax\' nổi lên là một lựa chọn đương nhiên. Chúng tôi bị thu hút bởi việc tần suất sử dụng từ này đầu tiên. Sau đó, chúng tôi phân tích và tìm hiểu câu chuyện quanh nó, biết được làm thế nào mà \'vax\' trở thành từ của năm\".\r\n\r\nKhái niệm vaccine được sử dụng trong tiếng Anh từ cuối những năm 1970, vào lúc Edward Jenner phát hiện có thể dùng dịch chiết từ bệnh nhân nhiễm bệnh đậu mùa ở bò như một loại vaccine chống virus đậu mùa chết người.\r\n\r\nOxford đánh giá tần suất sử dụng từ này bằng cách xem xét nội dung tin tức thời sự khắp thế giới. Tiến sĩ Mercedes Durham, chuyên gia ngôn ngữ học xã hội học tại Đại học Cardiff, cho hay từ \"vax\" được chọn vì nó có khả năng thích ứng cao.\r\n\r\n\"Tôi cho rằng bản thân từ đó có hiệu ứng không kém gì meme. Với meme, bạn có thể chụp một bức ảnh rồi thêm hình vẽ, từ ngữ lên đó. Với \'vax\', bạn cũng có thể gắn với nó nhiều từ khác như \'hộ chiếu\', \'bài xích\', \'hai mũi\', mà bản thân nó là một từ ngắn nên có thể thêm nhiều thứ vào nó\", bà nói.\r\n\r\nDurham cho rằng không có gì đáng ngạc nhiên khi từ của năm 2021 liên quan tới tiêm chủng bởi nó \"mang tinh thần của thời đại và người ta đang dành nhiều thời gian hơn bao giờ hết để nghĩ tới vaccine\".', 8, 0, 4, 1, 7),
(110, 'Biden muộn họp báo G20 vì \'chuyện dài với thang má', '2021-11-12', 'Tổng thống Mỹ Joe Biden xin lỗi và giải thích ông tới trễ 20 phút tại cuộc họp báo sau hội nghị thượ', '110_1.jpg', '\"Xin lỗi vì đã để mọi người phải chờ. Chúng tôi có chút vấn đề với thang máy. Dù sao đó cũng là câu chuyện dài\", Tổng thống Mỹ Joe Biden cười và nói với các phỏng viên tại cuộc họp báo ở Rome hôm 31/10. Tuy nhiên, ông không giải thích rõ vấn đề gặp phải với thang máy là gì.\r\n\r\nTổng thống Mỹ Joe Biden phát biểu trong cuộc họp báo sau khi kết thúc hội nghị thượng đỉnh G20 tại Rome hôm 31/10. Ảnh: AFP.\r\n\r\nTheo thống kê từ Fox News, từ đầu tháng 6 đến giữa tháng 10, ông chủ Nhà Trắng trung bình trễ 22,4 phút trong các sự kiện. Trong cuộc họp báo hồi tháng 6 sau hội nghị thượng đỉnh NATO ở Brussels, Biden đã đến muộn hơn 2 tiếng so với lịch trình.\r\n\r\nBiden khi đó thừa nhận mình không đúng giờ, nhưng không nêu lý do. \"Các bạn, tôi biết về kế hoạch họp báo sau 21h30 và tôi lúc đó vẫn ở NATO\", ông nói với các phóng viên. \"Tôi biết rằng các bạn đều rất sốt ruột\".\r\n\r\nHồi tháng 8, khi chính trường Mỹ căng thẳng vì quyết định rút quân khỏi Afghanistan, Biden đến trễ trung bình 34 phút trong các sự kiện.\r\n\r\nNhà Trắng hiện chưa phản hồi thêm về thông tin Biden trễ họp báo sau hội nghị thượng đỉnh G20.\r\n\r\nSau khi kết thúc hai ngày họp với các lãnh đạo G20 ở Rome, Italy, Tổng thống Mỹ di chuyển tới Glasgow, Scotland, để dự hội nghị lần thứ 26 các bên tham gia công ước khung của Liên Hiệp Quốc về biến đổi khí hậu (COP26).\r\n\r\nTháp tùng ông trong chuyến công du nước ngoài lần này là Phó thư ký báo chí Nhà Trắng Karine Jean-Pierre, trong khi Thư ký Báo chí Nhà Trắng Jen Psaki đang cách ly vì nhiễm nCoV.', 8, 0, 4, 1, 10),
(111, 'Trung Quốc lộ thiết kế tiêm kích hình kim cương.', '2021-11-14', 'Mô hình tiêm kích không cánh đuôi, thiết kế hình kim cương, xuất hiện tại sân bay thử nghiệm của Tập', '111_1.jpg', 'Ảnh vệ tinh chụp sân bay thử nghiệm của Tập đoàn Máy bay Thành Đô của Trung Quốc ngày 29/10 cho thấy một khung thân máy bay có chiều dài sải cánh gần bằng tiêm kích tàng hình J-20, phần mũi nhỏ và hoàn toàn không có cánh đuôi.\r\n\r\nMô hình máy bay không cánh đuôi tại sân bay thử nghiệm của Tập đoàn Máy bay Thành Đô, Trung Quốc ngày 29/10. Ảnh: Planet Labs.\r\n\r\nBiên tập viên Tyler Rogoway của Drive nhận định khung thân của mẫu máy bay không đuôi này khá tương đồng thiết kế hình kim cương của mẫu X-44 MANTA do Lockheed Martin phát triển dựa trên tiêm kích tàng hình F-22.\r\n\r\nTuy nhiên, Lockheed Martin chỉ chế tạo một mô hình X-44 để làm cơ sở phát triển các mẫu máy bay dùng thiết kế cánh bay (flying wing) khác như RQ-170.\r\n\r\nPhác thảo máy bay không cánh đuôi X-44 MANTA. Đồ họa: Lockheed Martin.\r\n\r\nRogoway nhận định mẫu máy bay không cánh đuôi của Tập đoàn Máy bay Thành Đô có thể là máy bay không người lái vũ trang (UCAV) có hiệu suất cao và hỏa lực mạnh, thực hiện nhiệm vụ hỗ trợ tiêm kích J-20.\r\n\r\nMáy bay dùng thiết kế không cánh đuôi giúp giảm tiết diện radar từ bên cạnh và phía sau, nâng cao đáng kể năng lực tàng hình của nó. Thiết kế không cánh đuôi còn giúp giảm lực cản và tiết kiệm nhiên liệu, tăng uy lực của vũ khí.\r\n\r\nTuy nhiên, nhược điểm của thiết kế không cánh đuôi là phi công khó điều khiển hơn, đồng thời làm giảm khả năng cơ động của máy bay. Nhà sản xuất có thể lắp động cơ vector đẩy để khắc phục điểm yếu thiếu tính cơ động, song điều này phục thuộc rất nhiều vào công nghệ điều khiển kỹ thuật số và phần mềm nền tảng.\r\n\r\nẢnh vệ tinh chụp ngày 29/10 cũng cho thấy sân bay thử nghiệm của Tập đoàn Máy bay Thành Đô được nâng cấp và mở rộng đáng kể trong những năm qua, bao gồm một đường băng mới, khu trưng bày máy bay và các tòa nhà mới. Cơ sở này được mở rộng nhằm đáp ứng nhu cầu sử dụng tiêm kích ngày càng tăng của Trung Quốc.', 8, 0, 4, 1, 10),
(112, 'Mũ quan triều Nguyễn thắng đấu giá 600.000 euro', '2021-11-02', 'Mũ được giới thiệu là của quan triều Nguyễn đạt mức giá 600.000 euro (15,7 tỷ đồng) trong phiên đấu ', '112_1.jpg', 'Phiên đấu diễn ra dưới hình thức trực tiếp và online, hôm 28/10. Trên website của Balclis, thông tin vật phẩm được giới thiệu rất ngắn gọn: \"Mũ quan Việt Nam thời Nguyễn, cuối thế kỷ 19, đầu thế kỷ 20\". Mũ đi kèm hộp gỗ sơn son thếp vàng chạm trổ hoa văn, tình trạng khá mới, chỉ hư hỏng nhẹ.\r\n\r\nCổ vật được giới thiệu hôm 20/10, với giá khởi điểm 500 euro, tăng dần những ngày sau đó, đạt 70.000 euro khi bắt đầu phiên đấu ngày 28/10. Sau hơn 10 lần trả, một nhà sưu tập online ẩn danh mua được vật phẩm với giá 600.000 euro, bỏ xa các đồ cổ khác trong phiên đấu.\r\n\r\nChiếc mũ dành cho quan hàm nhất, nhị phẩm. Ảnh: Balclis\r\n\r\nTheo nhà nghiên cứu Trần Đình Sơn, chiếc mũ dành cho quan văn hàng nhất, nhị phẩm, được bảo quản tốt, có mẫu tương tự trưng bày ở Huế, TP HCM, Hà Nội, không quá khan hiếm. Trước năm 1945, nhiều gia đình quan lại thường chôn mũ cùng vị quan đã mất hoặc để thờ. Ông Sơn nói: \"Tôi bất ngờ vì mũ đạt giá kỷ lục. Ở trong nước, món tương tự chỉ có thể bán với giá khoảng 10.000 USD\". Nhà nghiên cứu thấy tiếc vì chiếc mũ không rõ lai lịch về vị quan sở hữu, bởi nếu có thêm thông tin rõ ràng, món đồ sẽ tăng giá trị văn hóa.\r\n\r\nCòn ông Vũ Kim Lộc - nghệ nhân phục chế mũ thời chúa Nguyễn - cho rằng không bất ngờ khi mũ quan triều Nguyễn thắng đấu giá cao ở nước ngoài. Theo ông Lộc, hiện vật mũ các quan triều Nguyễn trong nước giờ chỉ còn khoảng 5-7 chiếc, riêng mũ dành cho quan hàng nhất phẩm trở lên rất hiếm, vì vậy, giá trị cao là có thể hiểu được. Ông Lộc nói: \"Ngoài ra, tôi cho rằng mức độ uy tín của nhà đấu giá cũng rất quan trọng để tạo niềm tin cho người tham gia đấu giá. Nếu họ rao bán hàng giả thì tự hủy hoại danh tiếng thôi\".\r\n\r\nQua hình ảnh trên website của Balclis, ông Vũ Kim Lộc phân tích hộp đựng mũ bằng gỗ được sơn son thếp vàng có hoa văn tứ linh. Mũ là loại phốc tròn thuộc về Văn ban, thân mũ được kết bằng lông đuôi ngựa theo kiểu kết kép: dùng hai lông làm thành một dây để kết.\r\n\r\nĐối chiếu các trang sức của mũ được đấu giá với trang sức ở mũ hiện còn lưu giữ hình ảnh trong nước như: như mũ Đô Thống chế Lê Văn Phong, Thống chế Thoại Ngọc Hầu, Thiên Vương Thống chế, ông Lộc nói có nhiều điểm khác lạ như: Bác sơn thay vì diềm phía dưới là sóng nước để cùng với hình mây ở diềm trên tạo thành đề tài giao long chầu hoa cúc trong khung cảnh trời mây nước, nhưng ở mũ này lại được thay bằng hình cánh hoa. Còn hoa, vẫn là hoa cúc nhưng được cách điệu hơi khác so với hoa ở các mũ. Các mũ có các lớp cánh hoa nổi ở trên một nền dây lá, nhưng ở đây không có nền dây lá và thay vào đó là một vòng tròn và vòng tròn dây lá bao quanh.\r\n\r\nÔng Lộc cho rằng: \"Vấn đề dư trang sức trên mũ so với phẩm hàm không phải là hiếm mà là phổ biến do được đặc ân, như ở bản vẽ về mũ của Chánh Nhất phẩm của họa sĩ Tôn Thất Sa và cả ở mũ hiện tồn như mũ của Đô Thống chế Lê Văn Phong (hàm Tòng Nhất phẩm), mũ của Thống chế Thoại Ngọc Hầu (Chánh Nhị phẩm) cũng cho thấy điều này. Nhưng thường là dư một hoa ở trước mũ và một hoa sau mũ. Điều đáng nói ở đây là mũ dư hai giao long. Như vậy, cho thấy chủ nhân của chiếc mũ này được đặc ân không hề có từ trước đến nay\".\r\n\r\nHộp gỗ đi kèm mũ quan triều Nguyễn - hình ảnh được đăng tải trên trang web của nhà đấu giá Balclis. Ảnh: Balclis\r\n\r\nMột bộ lễ phục triều Nguyễn cũng được rao bán trong phiên đấu giá cùng ngày. Khởi điểm ở mức 800 euro, chiếc áo cuối cùng được bán với giá 35.000 euro (920 triệu đồng).\r\n\r\nBộ lễ phục triều Nguyễn thêu hình rồng. Ảnh: Balclis\r\n\r\nÔng Trần Đình Sơn nhận định các cổ vật Việt Nam được chú ý trên sàn đấu quốc tế trong khoảng 5 năm trở lại đây, do những người Việt giàu có ở nước ngoài góp phần quảng bá. Còn nhà sử học Dương Trung Quốc cho rằng việc cổ vật Việt được ưa chuộng ở nước ngoài chứng minh sức hút từ bề dày văn hóa, lịch sử của đất nước. Tuy nhiên, ông nhận định sự kiện gióng lên hồi chuông cảnh tỉnh về việc các vật phẩm bị thất thoát, lưu lạc ở nước ngoài. Ông cho biết nhiều Việt kiều từng đau đáu vấn đề này nhưng chưa tìm ra giải pháp.\r\n\r\nÔng Trung Quốc nói: \"Do chiến tranh, thiên tai, nhiều hiện vật có giá trị rơi vào tay các nhà sưu tập phương Tây, trong khi số lượng di sản trong nước lại hiếm hoi. Tôi nghĩ trước hết, Nhà nước nên tiến hành điều tra khối lượng này ở các nước như Mỹ, Pháp, Tây Ban Nha, tiến hành đòi lại thông qua con đường ngoại giao hoặc nhờ luật pháp quốc tế can thiệp. Cổ vật không chỉ có giá trị tiền bạc mà quan trọng hơn, đó là giá trị văn hóa. Đó là nguồn tư liệu quý cho thế hệ sau, có thể tham khảo để phục chế, làm phim\".\r\n\r\nNhiều cổ vật Việt Nam từng được rao bán ở các nước phương Tây. Hồi tháng 7, kiếm của vua Thành Thái được đấu giá ở Mỹ với mức khởi điểm là 5.000 USD. Năm 2001, eBay tổ chức đấu giá những cổ vật tìm thấy trên con tàu đắm ở vùng Cù Lao Chàm (Quảng Nam - Đà Nẵng).\r\n\r\nNhà đấu giá Balclis được Antonio Climent Benaiges và Juan Baldrich - hai người khai phá thị trường buôn bán đồ cổ ở Tây Ban Nha - thành lập năm 1979. Họ kết hợp đấu giá trực tiếp và online để kết nối những người mua trên toàn thế giới. Qua 42 năm, Balclis thu hút hơn 330.000 khách hàng, tám triệu lượt trả giá.', 2, 0, 2, 1, 10),
(113, '17 tỉnh thành mở lại xe khách với TP HCM', '2021-11-02', '17 địa phương khu vực miền Tây, Đông Nam Bộ, Tây Nguyên, miền Trung... đã mở lại ôtô khách qua các b', '113_1.jpg', 'Hôm nay, tỉnh Tây Ninh mở lại vận tải hành khách tuyến cố định qua TP HCM. Các xe tạm thời được tỉnh sắp xếp qua bến xe ở huyện Hòa Thành, do Bến xe khách Tây Ninh đang bị phong tỏa phục vụ công tác truy vết, phòng chống Covid-19. Cùng với Tây Ninh, trước đó 16 tỉnh thành khác đã mở lại xe khách tuyến cố định qua 2 bến xe liên tỉnh lớn nhất TP HCM là Miền Đông (quận Bình Thạnh) và Miền Tây (quận Bình Tân).\r\n\r\nXe khách đậu tại Bến xe Miền Đông (quận Bình Thạnh) hôm 21/10. Ảnh: Gia Minh.\r\n\r\nTại Bến xe Miền Đông, hiện hơn 50 tuyến xe khách được hoạt động, kết nối qua 10 tỉnh gồm: Bình Định, Khánh Hoà, Quảng Ngãi, Phú Yên, Bình Dương, Đăk Nông, Đồng Nai, Bà Rịa - Vũng Tàu, Thừa Thiên Huế và Cà Mau. Trước đó hôm 13/10 khi bắt đầu mở lại xe khách liên tỉnh, tại Bến xe Miền Đông còn có xe đi Đăk Lăk. Tuy nhiên, các tuyến bị dừng sau đó 2 ngày do một xe chạy từ TP HCM về đón 18 khách dọc đường và phát hiện 3 người mắc Covid-19.\r\n\r\nỞ Bến xe Miền Tây, Phó giám đốc bến Trần Văn Phương cho biết hiện 8 tỉnh thành thuộc khu vực Đồng bằng sông Cửu Long, Nam Trung Bộ, Đông Nam Bộ đã mở lại xe khách qua thành phố như Vĩnh Long, Bến Tre, Bạc Liêu, Khánh Hoà, An Giang... Tuy nhiên, lượng khách qua bến rất ít. Hôm qua, bến có tổng cộng 52 chuyến xe đi và đến, với 522 khách, gồm 344 khách đến, 178 người đi.\r\n\r\nThống kê của Sở Giao thông Vận tải TP HCM từ ngày 13 đến 27/10, tổng lượt khách liên tỉnh thông qua các bến xe trên địa bàn đạt gần 9.800 khách, với khoảng 2.000 lượt xe phục vụ (bình quân mỗi xe chở 5 khách). Trong đó, khách theo chiều từ TP HCM đi các tỉnh thành nhiều hơn ngược lại, với khoảng 6.500 người trên 889 xe. Trong khi trên các chuyến xe đến TP HCM chỉ gần 3.300 khách, với hơn 1.000 xe phục vụ. Lượng khách như trên giảm 99% so với cùng kỳ năm ngoái và ngày thường trước lúc dịch bùng phát.\r\n\r\nLý giải lượng khách ít, một số nhà xe hoạt động ở các bến cho rằng ngoài việc nhiều tỉnh thành chưa mở lại xe khách qua thành phố - nơi có nhu cầu đi lại cao, số chuyến và công suất khai thác các xe cũng đang hạn chế... Ngoài ra, quy định phòng dịch ở nhiều địa phương đang khác nhau, với các yêu cầu chặt chẽ người về từ TP HCM do cấp độ dịch cao hơn.\r\n\r\nTrong đó, một số tỉnh đang kiểm soát chặt người về từ các vùng nguy cơ dịch cao như phải xuất trình kết quả xét nghiệm âm tính nCoV hiệu lực 72 giờ. Người tiêm đủ liều vaccine hoặc đã khỏi Covid-19 khi về địa phương phải cách ly tại nhà 7 ngày; người chưa tiêm hoặc chỉ tiêm một mũi phải cách ly tập trung... Các quy định này khiến nhiều hành khách dè dặt trong kế hoạch đi lại.\r\n\r\nNhân viên chuyển xe máy khách thuê vận chuyển tại Bến xe Miền Đông, hôm 21/10. Ảnh: Gia Minh\r\n\r\nHiện, ngoài các tuyến xe khách chạy dịch vụ, từ hôm 17/10, TP HCM tổ chức các chuyến xe miễn phí đưa đón người dân, đến nay đã phục vụ hơn 3.300 khách với gần 300 chuyến xe.\r\n\r\nTrước đó hôm 13/10, xe khách liên tỉnh được thí điểm hoạt động trở lại đến 20/10. Khi hết thời hạn này, Bộ Giao thông Vận tải đề nghị UBND các tỉnh thành tiếp tục duy trì xe khách liên tỉnh tuyến cố định và cho mở thêm các tuyến khác phù hợp với cấp độ dịch từng địa bàn. Bộ cũng đề nghị các địa phương công bố cấp độ dịch và biện pháp tương ứng, để thuận lợi hơn cho việc tổ chức hoạt động của các loại hình vận tải...\r\n\r\nHiện, giữa các địa bàn vùng dịch ở cấp độ 1, 2 (nguy cư thấp và trung bình), xe khách liên tỉnh hoạt động bình thường. Những nơi vùng dịch ở cấp độ 3 (nguy cơ cao), số xe hoạt động không vượt quá 50%, không vượt 50% số chuyến với vận tải liên tỉnh và có giãn cách chỗ ngồi. Địa bàn có dịch ở cấp 4 (nguy cơ rất cao) tiếp tục dừng toàn bộ vận tải hành khách, trừ trường hợp đặc biệt.', 7, 0, 2, 1, 6),
(114, 'Nhiều tài khoản ngân hàng bỗng dưng \'bốc hơi\' hàng', '2021-10-27', 'Dù khẳng định không thực hiện giao dịch, nhiều khách hàng dùng thẻ ghi nợ quốc tế của Techcombank bị', '114_1.jpg', 'Nguyễn Phương Minh, chủ thẻ visa debit (thẻ ghi nợ quốc tế) của Ngân hàng Kỹ thương Việt Nam (Techcombank) cho biết, ngày 6/10, cô nhận được một loạt tin nhắn thông báo trừ tiền từ ngân hàng. Chỉ trong vài phút, tài khoản của Minh đã bị trừ hơn 21 triệu đồng.\r\n\r\nNhận thấy bất thường, Minh ngay lập tức đăng nhập ứng dụng ngân hàng chuyển số tiền còn lại sang ngân hàng khác. \"Tiền bị trừ nhanh lắm, may là tôi đang ngồi máy nên vẫn kịp chuyển phần còn lại sang ngân hàng khác, nếu không cũng mất hết\", Minh nói.\r\n\r\nNội dung cho những phần giao dịch trừ tiền được báo về là \"Giao dịch qua POS số thẻ xxx... tại ZaloPay...\" hoặc \"Giao dịch qua POS số thẻ xxx... tại SenPay...\" Tuy nhiên, Minh cũng cho biết chưa hề đăng ký hay sử dụng dịch vụ tại các ví điện tử này.\r\n\r\nMinh khẳng định không cho bất kỳ ai mượn thẻ hay click vào đường link lạ cũng như cung cấp thông tin thẻ cho ai khác. Sau vài ngày liên hệ và tới trực tiếp ngân hàng, Minh được nhân viên nhà băng lập biên bản trình bày vụ việc và thông báo chờ ngân hàng tra soát.\r\n\r\nMột loạt tin nhắn trừ tiền của Minh trong 5 phút. Ảnh: NVCC\r\n\r\nMột khách hàng khác tại Đà Nẵng ngày 22/10 cũng bị trừ tiền từ thẻ tín dụng Techcombank với hai giao dịch tổng 20 triệu đồng, chỉ trong 2 giây.\r\n\r\nHai giao dịch trừ tiền liên tiếp với nội dung \"Giao dịch thanh toán tại ZaloPay\". Người này cho biết từng dùng ZaloPay và liên kết với thẻ ngân hàng, giao dịch thực hiện gần nhất cách đây khoảng 4 tháng.\r\n\r\nVì biết dùng thẻ tín dụng rủi ro nên cô thường xuyên khóa tính năng thanh toán online 24/24 nhưng đúng vào hôm mất tiền, do vội mua đồ ăn chưa kịp khóa thẻ, sau đó chẳng may bị hack tiền.\r\n\r\nKhách hàng này liên hệ với nhân viên ngân hàng và nhận được thông báo tư vấn viên đã gửi yêu cầu tra soát. Việc tra soát cụ thể cần chờ Hội sở và họ sẽ trả lời trong 45 ngày. \"Nếu ngân hàng không xử lý kịp trong 45 ngày thì khoản nợ thẻ tín dụng này trở nên quá hạn. Tôi thực sự căng thẳng khi đang khó khăn vì dịch bỗng dưng lại rơi một khoản nợ vào đầu\", cô nói.\r\n\r\nTương tự, vào ngày 4/10, một khách hàng khác dùng thẻ ghi nợ quốc tế của Techcombank là Vy Nhật cũng bị trừ gần 10 triệu đồng.\r\n\r\nNgay lập tức, Vy Nhật đã gọi lên tổng đài và nhận được thông báo chờ 45 ngày tra soát. Lo lắng vì chưa có hướng xử lý cụ thể, Nhật gửi email lên trung tâm chăm sóc khách hàng của nhà băng này nhưng vẫn chưa nhận được phản hồi. Cô cũng cho biết đã dùng thẻ của ngân hàng hơn 3 năm, chủ yếu dùng để chuyển khoản, thanh toán online và chưa cho ai mượn thẻ.\r\n\r\nNhững khách hàng này phần lớn dùng thẻ ghi nợ quốc tế, chưa sử dụng dịch vụ của ví điện tử được đề cập trong tin nhắn trừ tiền và đều khẳng định không nhận được bất kỳ tin nhắn OTP nào để liên kết thẻ với ví, hay thực hiện giao dịch.\r\n\r\n\"Tôi mong ngân hàng có thông báo chính thức để khách hàng an tâm, cũng như kịp thời đưa ra hướng xử lý thoả đáng\", Minh nói.\r\n\r\nPhía Techcombank cho biết do vụ việc liên quan đến dịch vụ thẻ quốc tế nên việc tra soát dù đang được đẩy nhanh nhưng cũng mất khá nhiều thời gian. Ngân hàng cũng cho rằng \"không có tình trạng giao dịch bị hack\" nhưng không cung cấp chi tiết cơ sở cho khẳng định này.\r\n\r\nTuy nhiên, ngân hàng này cũng cho biết sẽ bảo vệ quyền lợi hợp pháp của khách hàng. Sau khi làm rõ được vấn đề, khách hàng bị trừ tiền oan chắc chắn sẽ được hoàn lại tiền.\r\n\r\nĐối với các yêu cầu tra soát từ khách hàng, Techcombank cho biết sẽ phối hợp cùng Tổ chức thẻ quốc tế Visa để rà soát và xác thực thông tin nhanh nhất với thời gian tối đa theo quy định là 45 ngày.\r\n\r\nLâu nay, cũng có một số trường hợp chủ tài khoản của các ngân hàng dù không thực hiện giao dịch nhưng vẫn bị trừ tiền, phổ biến nhất là các giao dịch trừ tiền quốc tế hoặc dịch vụ của Google, Apple... Phần lớn sau tra soát, chủ thẻ cũng được hoàn tiền nếu không thực hiện giao dịch.\r\n\r\n*Tên nhân vật được thay đổi hoặc giấu theo yêu cầu\r\n\r\nQuỳnh Trang', 5, 0, 2, 1, 10),
(115, 'Con trai \'Bầu Hiển\' làm Phó tổng giám đốc SHB', '2021-10-30', 'Ông Đỗ Quang Vinh, Phó giám đốc Khối ngân hàng bán lẻ SHB, vừa được bổ nhiệm vào vị trí Phó tổng giá', '115_1.jpg', 'Ông Đỗ Quang Hiển trao quyết định bổ nhiệm cho ông Đỗ Quang Vinh ngày 30/10. Ảnh: SHB\r\n\r\nÔng Đỗ Quang Vinh là con trai của ông Đỗ Quang Hiển, Chủ tịch Hội đồng quản trị Ngân hàng Sài Gòn - Hà Nội (SHB). Quyết định bổ nhiệm có hiệu lực từ ngày 30/10. Trước khi nhận nhiệm vụ mới, ông Vinh giữ chức Giám đốc Khối ngân hàng số, Phó giám đốc Khối ngân hàng bán lẻ SHB.\r\n\r\nÔng Vinh có bằng thạc sỹ tài chính và quản trị tại University of East Anglia (Anh). Trở thành Phó tổng giám đốc trẻ tuổi nhất SHB, ông Vinh được SHB đánh giá là \"một trong những làn gió mới\", giữ vai trò quan trọng trong nhiều dự án chuyển đổi số và hiện đại hóa của ngân hàng.\r\n\r\nTrước đó, ông Vinh từng giữ chức Chủ tịch Hội đồng thành viên SHB Finance. Trước khi trở thành Phó tổng giám đốc SHB, Hội đồng thành viên SHB Finance đã miễn nhiệm chức danh Chủ tịch và bổ nhiệm chức danh Phó chủ tịch thường trực đối với ông.\r\n\r\nÔng Vinh là Phó tổng giám đốc thứ 7 của SHB. Nhà băng này hiện vẫn khuyết vị trí Tổng giám đốc sau khi ông Nguyễn Văn Lê từ nhiệm từ đầu tháng 8. Phó chủ tịch Hội đồng quản trị Võ Đức Tiến kiêm nhiệm phụ trách điều hành SHB trong thời gian nhà băng này tuyển tổng giám đốc mới.\r\n\r\nMinh Sơn', 5, 0, 2, 1, 10),
(116, 'Ngân hàng Nhà nước sẽ nghiên cứu tiền kỹ thuật số ', '2021-10-29', 'Ngân hàng Nhà nước được Thủ tướng chỉ đạo chủ trì nghiên cứu, đề xuất cơ chế tiền kỹ thuật số quốc g', 'không có', 'Chính phủ vừa ban hành Quyết định 1813 về Đề án phát triển thanh toán không dùng tiền mặt tại Việt Nam giai đoạn 2021-2025. Một trong những nội dung về hành lang pháp lý và cơ chế chính sách cần hoàn thiện là nghiên cứu, đề xuất cơ chế, chính sách về tiền kỹ thuật số quốc gia.\r\n\r\nViệt Nam hiện nay chưa có khái niệm chính thức về \"tiền kỹ thuật số quốc gia\", tuy nhiên, nhiều quốc gia đã nghiên cứu và một số đang thử nghiệm phiên bản tiền điện tử của tiền pháp định, do ngân hàng trung ương phát hành.\r\n\r\nTrong đó, Trung Quốc là nước thể hiện tham vọng hàng đầu trong trong cuộc đua tiền kỹ thuật số của các ngân hàng trung ương. Nước này đã thử nghiệm tiền kỹ thuật số nhân dân tệ ở một số thành phố lớn như Bắc Kinh và Thâm Quyến. Đồng tiền này hiện được sử dụng để mua vé tàu điện ngầm, mua sắm trực tuyến tại nhiều nhà cung cấp ở Trung Quốc. Tại Thế vận hội mùa Đông Bắc Kinh sắp tới, Trung Quốc dự kiến cho phép người nước ngoài mở ví kỹ thuật số và tham gia thử nghiệm.\r\n\r\nTại Đề án Phát triển thanh toán không dùng tiền mặt, Ngân hàng Nhà nước cũng được giao trong năm 2022 phải hoàn thành cơ chế thử nghiệm có kiểm soát hoạt động công nghệ tài chính (Fintech) trong lĩnh vực ngân hàng. Điều này nhằm quản lý, thúc đẩy đổi mới sáng tạo và triển khai các mô hình hợp tác, kinh doanh mới trong cung ứng dịch vụ thanh toán.\r\n\r\nNgay trong năm nay, Thủ tướng giao Bộ Thông tin và Truyền thông chủ trì xây dựng quy định về định danh và xác thực điện tử, bảo vệ dữ liệu cá nhân. Bộ Công an có trách nhiệm quy định, hướng dẫn kết nối, chia sẻ, khai thác thông tin từ Cơ sở dữ liệu quốc gia về dân cư để phục vụ cho việc xác thực thông tin, nhận biết khách hàng bằng phương tiện điện tử.\r\n\r\nTrước đó vào cuối tháng 6, Thủ tướng cũng giao Ngân hàng Nhà nước \"nghiên cứu, xây dựng và thí điểm \"tiền ảo dựa trên công nghệ Blockchain\" từ năm 2021 đến 2023. Như vậy tới nay, Ngân hàng Nhà nước là đơn vị chủ trì nghiên cứu đồng thời \"tiền ảo dựa trên công nghệ Blockchain\" (thường được gọi là tiền mã hóa) và tiền kỹ thuật số quốc gia neo theo tiền đồng pháp định.\r\n\r\nVới việc phát triển thanh toán không dùng tiền mặt ở khu vực nông thôn, vùng sâu, vùng xa, Thủ tướng giao nghiên cứu, triển khai từng bước hoạt động đại lý thanh toán, cho phép các tổ chức không phải ngân hàng triển khai hoạt động đại lý thanh toán.\r\n\r\nThủ tướng cũng ủng hộ việc tận dụng hạ tầng, dữ liệu, mạng lưới viễn thông, giảm các chi phí để mở rộng kênh thanh toán không dùng tiền mặt trên thiết bị di động ở khu vực vùng sâu xùng xa, gắn với việc triển khai dùng tài khoản viễn thông thanh toán cho các hàng hóa, dịch vụ có giá trị nhỏ (Mobile - Money). Theo Thủ tướng, cần đánh giá và đề xuất xử lý phù hợp đối với dịch vụ Mobile - Money.\r\n\r\nNhiều nội dung khác được đề cập trong đề án nhằm mục tiêu tới cuối 2025, giá trị thanh toán không dùng tiền mặt gấp 25 lần GDP, thanh toán không dùng tiền mặt trong thương mại điện tử đạt 50%. Trong 5 năm tới, làm sao để 80% người dân từ 15 tuổi trở lên có tài khoản tại ngân hàng hoặc các tổ chức được phép. Tỷ lệ cá nhân, tổ chức sử dụng phương tiện thanh toán không dùng tiền mặt qua các kênh thanh toán điện tử đạt 40%...', 5, 0, 2, 1, 10),
(117, 'Kế hoạch tiêm mũi 3 vắc xin Covid-19', '2021-11-01', 'Để đảm bảo an toàn dịch tễ lâu dài, Bộ Y tế đã có văn bản đề nghị UBND các tỉnh, TP rà soát nhu cầu ', '117_1.jpg', 'Theo đó, để làm cơ sở cho việc phân bổ vắc xin trong tháng 10 - 12.2021 và xây dựng kế hoạch tiêm chủng năm 2022, Bộ Y tế đề nghị UBND các tỉnh, TP chỉ đạo các đơn vị liên quan căn cứ tình hình, kết quả triển khai tiêm chủng của địa phương và hướng dẫn về việc tiêm kết hợp vắc xin của Bộ Y tế để đề xuất nhu cầu sử dụng vắc xin trong tháng 10 - 12.2021 cho người từ 18 tuổi trở lên.\r\n\r\nBộ Y tế cũng đề nghị UBND các tỉnh, TP rà soát, thống kê số lượng trẻ em trên địa bàn theo các nhóm tuổi: 3 - 11 tuổi, 12 - 15 tuổi, 16 - 17 tuổi; và đề xuất nhu cầu sử dụng vắc xin cho những nhóm tuổi này; xây dựng kế hoạch sử dụng vắc xin năm 2022 cho trẻ từ 3 tuổi trở lên và người lớn, trong đó bao gồm việc tiêm nhắc lại mũi 3, mũi 4 cho người đã tiêm đủ liều (2 liều).\r\n\r\nẢnh 1.\r\n\r\nTiếp tục bao phủ mũi 1, mũi 2\r\nNgày 31.10, thông tin từ Bộ Y tế cho hay, Việt Nam đã có hơn 107 triệu liều vắc xin Covid-19 (kể từ tháng 2.2021 đến nay - PV). Cơ quan chuyên môn của Bộ Y tế đã phân bổ 75 đợt vắc xin với tổng số gần 105 triệu liều.\r\n\r\nĐến trưa 31.10, cả nước đã tiêm được 81,5 triệu liều: có 32,8 triệu người tiêm 1 liều vắc xin và hơn 24 triệu người tiêm đủ 2 liều vắc xin. Tỷ lệ tiêm ít nhất 1 liều vắc xin là 78,5% và tỷ lệ tiêm đủ 2 liều vắc xin là hơn 33,1% dân số từ 18 tuổi trở lên.\r\n\r\nTheo đánh giá của Bộ Y tế, nhìn chung tình hình dịch được kiểm soát trên toàn quốc. Tại TP.HCM, Bình Dương, Đồng Nai, Long An, số ca nhiễm mới và tử vong đã giảm rõ rệt. Tuy nhiên, Bộ Y tế cũng lưu ý trong tuần qua, số ca mắc mới ghi nhận hằng ngày có xu hướng tăng lên. Nhiều địa phương tiếp tục ghi nhận ca mắc trong cộng đồng và đã triển khai nhiều phương án để nhanh chóng kiểm soát dịch như: Hà Giang, Bạc Liêu, Cần Thơ... Tình hình dịch bệnh trong nước vẫn còn nguy cơ diễn biến khó lường, dịch bệnh gia tăng và bùng phát trở lại có thể xảy ra ở bất cứ đâu, bất kỳ khi nào, nhất là tại các địa phương có tỷ lệ tiêm chủng thấp và giao lưu lớn.\r\n\r\nBộ Y tế đề nghị các địa phương tiếp tục đẩy nhanh tốc độ tiêm chủng bao phủ vắc xin phòng Covid-19 đảm bảo an toàn, hiệu quả; yêu cầu các cơ sở tiêm chủng sử dụng ứng dụng nền tảng Sổ sức khỏe điện tử để quản lý và theo dõi tiến độ tiêm chủng; cập nhật, hoàn thiện ứng dụng PC-Covid, bảo đảm an toàn, an ninh thông tin của người dân.\r\n\r\nTrước đó, cuối tuần qua, thông tin với các cơ quan báo chí, TS Nguyễn Thị Liên Hương, Cục trưởng Cục Quản lý môi trường y tế (Bộ Y tế), cho hay các địa phương cần đạt độ bao phủ vắc xin theo lộ trình với người từ 50 tuổi (theo hướng dẫn về chuyên môn tại Quyết định 4800 ngày 14.10 của Bộ Y tế - PV). Theo TS Hương, tỷ lệ tiêm chủng bao phủ người 50 tuổi là yếu tố quan trọng để giảm tử vong trong dịch, nếu không đạt tỷ lệ này theo lộ trình thì phải nâng cấp độ dịch. Và khi nâng cấp độ dịch, chính quyền địa phương phải báo trước 48 giờ để người dân, doanh nghiệp có phương án ứng phó chuyển đổi với biện pháp chống dịch cấp độ cao hơn.\r\n\r\nẢnh: Tiêm vắc xin Covid-19 cho bác sĩ tại Bệnh viện Bệnh nhiệt đới TP.HCM, tháng 3.2021\r\n\r\nTiêm mũi 3 giúp củng cố miễn dịch.\r\n\r\nTại hội nghị sơ kết công tác phòng chống dịch Covid-19 đợt 4 vào chiều 30.10, TS-BS Nguyễn Văn Vĩnh Châu, Phó giám đốc Sở Y tế TP.HCM, cho biết TP.HCM cơ bản kiểm soát dịch bệnh và chuyển sang giai đoạn thích ứng an toàn kiểm soát dịch bệnh Covid-19.\r\n\r\nĐánh giá cấp độ dịch thì TP.HCM cấp độ 2, một số quận, huyện đạt cấp độ 1. Tính riêng về số ca mắc mới trên 100.000 dân/tuần thì TP.HCM vẫn đang cấp độ 3, nhưng do tỷ lệ tiêm vắc xin cao và một số tiêu chí khác, thì TP.HCM được giảm 1 cấp độ. Do đó cần liên tục theo dõi, giám sát quản lý F0, kịp thời không để ca bệnh tăng cao, hạn chế chuyển nặng và tử vong.\r\n\r\nTheo TS-BS Vĩnh Châu, TP.HCM đã có đề xuất tiêm mũi 3 vắc xin Covid-19 cho tuyến đầu chống dịch và nhóm nguy cơ cao trong tháng 11 và 12, nhưng điều này phải được UBND TP.HCM và Bộ Y tế đồng ý, thì mới công bố kế hoạch cụ thể.\r\n\r\nTheo chuyên gia của chương trình Tiêm chủng mở rộng quốc gia, hiện Tổ chức Y tế thế giới chưa khuyến cáo tiêm mũi 3 vắc xin Covid-19, dù thực tế một số nước đã tiêm.\r\n\r\n“Về nguyên tắc, đúng là tiêm vắc xin mũi 3 giúp củng cố hệ miễn dịch tăng khả năng phòng bệnh. Tuy nhiên, trong nước, việc này cần được cân nhắc thêm, vì phụ thuộc vào nguồn vắc xin tiếp cận và mức độ bao phủ vắc xin chung tại các địa phương”, chuyên gia này nhận định và cho rằng trong đợt dịch thứ 4, chúng ta ưu tiên vắc xin cho TP.HCM và một số tỉnh thành có dịch bùng phát, hiện TP.HCM là một trong các địa phương đã có tỷ lệ bao phủ cao, trong khi còn khá nhiều tỉnh thành tỷ lệ bao phủ thấp hơn cần tăng độ bao phủ.\r\n\r\n“Các địa phương nếu huy động được nguồn vắc xin có thể cân nhắc việc tiêm mũi 3 và lựa chọn các đối tượng ưu tiên tiêm trước”, chuyên gia này nêu ý kiến.\r\n\r\nẢnh 3\r\n\r\nẢnh 4\r\n\r\nChia sẻ với đề xuất của TP.HCM về tiêm mũi 3 vắc xin Covid-19, TS Nguyễn Huy Nga, nguyên Cục trưởng Cục Y tế dự phòng, Bộ Y tế, cho rằng: “Gần đây ghi nhận nhiều nhân viên y tế nhiễm Covid-19 tiếp. Do đó, nên tiêm nhắc lại mũi 3 cho nhóm này”.\r\n\r\n\r\n', 7, 0, 3, 1, 10),
(118, 'Đường sắt tốc độ cao Bắc Nam dự kiến khởi công năm', '2021-11-06', 'Bộ Giao thông Vận tải dự kiến giải phóng mặt bằng, lập thiết kế tuyến đường sắt tốc độ cao Bắc Nam t', '118_1.jpg', 'Chiều 1/11, tại hội nghị công bố Quy hoạch đường sắt thời kỳ 2021-2030, tầm nhìn đến 2050, Bộ trưởng Giao thông Vận tải Nguyễn Văn Thể cho biết, Chính phủ sẽ xin ý kiến Bộ Chính trị, báo cáo Quốc hội thông qua chủ trương đầu tư dự án đường sắt tốc độ cao trong nhiệm kỳ 2021-2026. Sau đó, Bộ sẽ lập báo cáo khả thi, duyệt thiết kế, giải phóng mặt bằng, đến năm 2028-2029 sẽ khởi công một số gói thầu trong 2 đoạn Hà Nội - Vinh, TP HCM - Nha Trang.\r\n\r\nBộ trưởng Thể nhấn mạnh, đường sắt Bắc Nam là tuyến quan trọng nhất vận chuyển hành khách và hàng hóa, trong đó có tuyến tốc độ cao trong giai đoạn tới. Địa phương có đường sắt đi qua có thể hình thành khu đô thị mới xung quanh ga mới nên cần đồng hành với Bộ Giao thông Vận tải điều chỉnh quy hoạch cục bộ để phát triển đô thị, khai thác đồng bộ với tuyến đường sắt tốc độ cao, hỗ trợ Bộ trong công tác giải phóng mặt bằng, tái định cư.\r\n\r\nSau khi có đường sắt tốc độ cao chở hành khách, tuyến đường sắt cũ khổ 1.000 m hiện sẽ đảm nhiệm vận tải hàng hóa. Bộ Giao thông Vận tải đã lập quy hoạch nhiều tuyến đường sắt kết nối với cảng biển.\r\n\r\nTheo ông Lê Đỗ Mười, Viện trưởng Chiến lược và Phát triển Giao thông Vận tải - đơn vị tư vấn xây dựng quy hoạch, đường sắt tốc độ cao Bắc Nam dài 1.545 km, đường đôi khổ 1.435 mm, tốc độ thiết kế 350 km/h, tốc độ khai thác lớn nhất đến 320 km/h. Giai đoạn một trước năm 2030 sẽ xây dựng hai đoạn Hà Nội - Vinh và TP HCM - Nha Trang, tổng mức đầu tư khoảng 112.000 tỷ đồng.\r\n\r\nBộ Giao thông Vận tải đề xuất tàu tốc độ cao Bắc Nam sử dụng công nghệ động lực phân tán giống tàu Shinkanshen ở Nhật Bản. Ảnh: Anh Duy\r\n\r\nNgoài 7 tuyến hiện có dài khoảng 2.440 km thì mạng lưới đường sắt quốc gia đến năm 2030 có thêm 9 tuyến mới, tổng chiều dài 2.362 km. Tổng đầu tư đến năm 2030 cần 240.000 tỷ đồng, được huy động từ vốn đầu tư công, vay ODA, xã hội hóa theo hình thức PPP.\r\n\r\nĐến năm 2050, quy hoạch xác định tuyến đường sắt tốc độ cao Bắc Nam sẽ hoàn thành cùng với các tuyến mới tại khu đầu mối Hà Nội, TP HCM, đường sắt kết nối cảng biển, khu công nghiệp, Tây Nguyên, đường ven biển, kết nối quốc tế. Mạng lưới đường sắt quốc gia đến năm 2050 gồm 25 tuyến, dài 6.354 km.\r\n\r\nTrong 9 tuyến đường sắt mới được quy hoạch đến 2030, lớn nhất là tuyến đường sắt tốc độ cao Bắc Nam từ ga Ngọc Hồi (Hà Nội) đến ga Thủ Thiêm (TP HCM) dài 1.545 km.\r\n\r\nPhía Bắc có 3 tuyến Yên Viên - Phả Lại - Hạ Long - Cái Lân từ ga Yên Viên Bắc đến ga Cái Lân dài 129 km; tuyến Hà Nội - Hải Phòng song song với cao tốc Hà Nội - Hải Phòng kết nối cảng biển cửa ngõ quốc tế Hải Phòng với các khu bến cảng Đình Vũ, Nam Đồ Sơn và Lạch Huyện, dài 102 km.\r\n\r\nVành đai phía Đông Hà Nội có tuyến đường sắt Ngọc Hồi - Lạc Đạo - Bắc Hồng dài 59 km; chuyển đoạn Ngọc Hồi - Yên Viên, Gia Lâm - Lạc Đạo thành đường sắt đô thị.\r\n\r\nMiền Trung có tuyến Vũng Áng - Tân Ấp - Mụ Giạ từ cảng Vũng Áng đến biên giới Việt Nam - Lào (đèo Mụ Giạ) dài 103 km.\r\n\r\nPhía Nam có 4 tuyến Biên Hòa - Vũng Tàu từ ga Trảng Bom đến ga Vũng Tàu dài 84 km; tuyến TP HCM - Cần Thơ từ ga An Bình đến ga Cái Răng dài 174 km; tuyến TP HCM - Lộc Ninh từ ga Dĩ An đến biên giới Việt Nam - Campuchia (cửa khẩu Hoa Lư) dài 128 km; tuyến Thủ Thiêm - Long Thành từ ga Thủ Thiêm đến sân bay quốc tế Long Thành chỉ phục vụ hành khách dài khoảng 38 km.\r\n\r\nĐoàn Loan', 8, 0, 3, 1, 4);
INSERT INTO `baiviet` (`ID_BaiViet`, `TieuDe`, `NgayDang`, `GioiThieu`, `AnhDaiDien`, `NoiDung`, `ID_TheLoai`, `ID_CTTheLoai`, `ID_LoaiTin`, `ID_TaiKhoan`, `SoLuotThich`) VALUES
(119, '26 thỏa thuận hợp tác hàng tỷ USD giữa Việt Nam và', '2021-11-01', 'Nhiều thỏa thuận hợp tác của doanh nghiệp hàng đầu Việt Nam với đối tác Anh vừa được ký kết như Viet', '119_1.jpg', '26 thỏa thuận được ký kết với tổng trị giá hàng tỷ USD về thương mại, nông nghiệp, năng lượng, y tế, bảo vệ môi trường... giữa Việt Nam và Anh vừa được ký kết nhân chuyến tham dự Hội nghị COP26 và làm việc tại Anh của Thủ tướng Phạm Minh Chính.\r\n\r\nHãng Hàng không Vietjet và Tập đoàn Rolls-Royce ký kết thoả thuận cung cấp động cơ và dịch vụ động cơ cho đội tàu bay thân rộng với tổng giá trị 400 triệu USD. Ông Ewen McDonald, Giám đốc phụ trách khách hàng của Rolls-Royce Civil Aerospace, cho biết động cơ này có vòng đời tiêu thụ nhiên liệu thấp nhất và mang lại hiệu quả kinh tế cao nhất cho tàu bay.\r\n\r\nThủ tướng Phạm Minh Chính chứng kiến Lễ trao biên bản hợp tác giữa các doanh nghiệp Việt Nam và Anh, chiều 31/10 tại Anh. Ảnh: Lê Hiếu\r\n\r\nTập đoàn Sovico và Viện Đại học Oxford ký biên bản ghi nhớ hợp tác, tài trợ đầu tư phát triển nghiên cứu, giáo dục với tổng giá trị 155 triệu bảng Anh. Trong đó, Quỹ học bổng 7,5 triệu bảng Anh sẽ dành cho sinh viên Việt Nam và các nước trong khu vực. Viện Đại học Oxford cũng cam kết xây dựng và thực hiện chiến lược loại bỏ phát thải khí CO2 cho tập đoàn Sovico và các khách hàng, đối tác đến năm 2050.\r\n\r\nQuỹ Đầu tư Affinity và Ngân hàng HDBank ký kết tài trợ 300 triệu USD cho chương trình phát triển bền vững, chống biến đổi khí hậu.\r\n\r\nTập đoàn Giáo dục EMG Education ký kết biên bản ghi nhớ về hợp tác giáo dục toàn diện với Tập đoàn Giáo dục Pearson; Tập đoàn Vingroup và đại diện Công ty Raphael Labs (Anh) ký thỏa thuận về hợp tác phát triển đầu tư thử nghiệm và chuyển giao công nghệ sản xuất thuốc phòng Covid-19 và các bệnh đường hô hấp.\r\n\r\nTập đoàn T&T, đại diện Đại học Y Hà Nội và đại diện Tập đoàn Hipra (Tây Ban Nha) trao thỏa thuận về hợp tác xây dựng Trung tâm nghiên cứu vaccine tại Việt Nam và đào tạo nguồn nhân lực...\r\n\r\nTrong các thỏa thuận vừa được ký kết còn có ý định thư tham gia sáng kiến Liên minh giảm phát thải thông qua tăng cường tài chính lâm nghiệp; thỏa thuận kợp tác xây dựng kế hoạch hành động để tăng cường liên kết cơ sở giáo dục đại học giữa hai nước; biên bản ghi nhớ về tăng cường hợp tác trong giáo dục; thỏa thuận hợp tác xây dựng các chương trình đào tạo nhân lực cho Bộ Kế hoạch & Đầu tư và hỗ trợ khởi nghiệp; thỏa thuận hợp tác chuyển giao công nghệ về quản lý đất đai và đào tạo nguồn nhân lực liên quan...\r\n\r\nTại buổi lễ, đại diện Chính phủ Anh đã trao cho Thứ trưởng Bộ Y tế Nguyễn Trường Sơn 500.000 bảng Anh để hỗ trợ Chính phủ Việt Nam phòng chống dịch Covid-19. Đây là số tiền Thủ tướng Johnson thông báo tặng Việt Nam cách đây ít ngày khi ông điện đàm với Thủ tướng Phạm Minh Chính.\r\n\r\nVõ Thành', 5, 0, 3, 1, 10),
(120, 'Công bố đường bay thẳng Việt - Anh', '2021-10-31', 'Bamboo Airways công bố đường bay thẳng đầu tiên Việt Nam - Anh và ra mắt APG UK - Tổng đại lý đại di', '120_1.jpg', 'Lễ công bố diễn ra lúc 11h ngày 31/10 tại Anh theo giờ địa phương, dưới sự chứng kiến của Thủ tướng Phạm Minh Chính - người đang có chuyến công du tại Anh.\r\n\r\nÔng Trịnh Văn Quyết, Chủ tịch Bamboo Airways, cho biết sẽ thực hiện chuyến bay thẳng ngay trong năm 2021 khi Chính phủ hai nước cho phép nối lại đường bay thương mại giữa hai bên.\r\n\r\nBamboo Airways sẽ triển khai các đường bay thẳng thường lệ kết nối Hà Nội và TP HCM với London; tổng tần suất dự kiến 6 chuyến khứ hồi một tuần; tần suất chung sẽ được nâng dần lên theo nhu cầu thị trường.\r\n\r\nĐường bay thẳng của Bamboo Airways sẽ giúp rút ngắn thời gian di chuyển giữa Việt Nam và Anh xuống chỉ còn khoảng hơn 12-13 giờ, tiết kiệm 7 giờ so với các chuyến bay quá cảnh.\r\n\r\nCác chuyến bay dự kiến đón trả khách tại nhà ga số 2 của sân bay Heathrow, góp phần kết nối cả hai sân bay trọng điểm của Việt Nam với sân bay quốc tế lớn nhất nước Anh; khai thác bằng máy bay Boeing 787-9 Dreamliner.\r\n\r\nThủ tướng Phạm Minh Chính (giữa) chứng kiến lễ công bố đường bay thẳng Việt Nam - Anh, lúc 11h ngày 31/10 theo giờ địa phương tại Anh. Ảnh: Võ Thành\r\n\r\nAnh là đối tác thương mại lớn thứ ba của Việt Nam tại khu vực châu Âu, sau Đức và Hà Lan. Theo số liệu của Tổng cục Hải quan, năm 2019, tổng kim ngạch xuất nhập khẩu hai nước đạt 6,6 tỷ USD, trong đó xuất khẩu đạt 5,8 tỷ USD.\r\n\r\nTrong giai đoạn từ 2011-2019, tốc độ tăng trưởng kim ngạch xuất nhập khẩu song phương Việt - Anh tăng trung bình 12,1% một năm, cao hơn mức trung bình chung của Việt Nam 10% một năm. Tăng trưởng tổng kim ngạch xuất nhập khẩu với thị trường này cũng đạt mức cao (trên 10%).\r\n\r\nHiện có hơn 100.000 Việt kiều học tập và sinh sống tại Anh, trong đó, khoảng 60% sinh sống tại London và đang có xu hướng tăng. Theo số liệu thống kê của Tổng cục Du lịch, chỉ tính riêng trong năm 2019, lượng du khách từ Anh đến Việt Nam đạt hơn 315.000 lượt, tăng 105% so với cùng kỳ năm trước và là quốc gia châu Âu có lượng du khách đến Việt Nam cao thứ hai.\r\n\r\nMột đường bay thẳng Việt – Anh do hãng bay tư nhân Việt trực tiếp vận hành được kỳ vọng sẽ góp phần thúc đẩy mạnh mẽ quá trình hợp tác toàn diện giữa hai quốc gia, tạo tiền để vững chắc để tăng cường giao lưu song phương trên các lĩnh vực.\r\n\r\nTheo ông Nguyễn Hoàng Long, Đại sứ Việt Nam tại Anh, việc mở đường bay trực tiếp giữa Việt Nam và Anh sẽ đóng góp vào giao thương, giao lưu nhân dân và đặc biệt là phục vụ cộng đồng người Việt Nam tại Anh.\r\n\r\n\"Chúng tôi cam kết tiếp tục đồng hành, hợp tác chặt chẽ với các doanh nghiệp, tập đoàn trong nước để thúc đẩy quan hệ Việt Nam - Anh\", ông Long nói.\r\n\r\nCũng tại sự kiện, Bamboo Airways chính thức ra mắt APG UK - Tổng đại lý đại diện cho hãng tại thị trường Anh. Đơn vị này sẽ hỗ trợ Bamboo Airways trong các vấn đề thủ tục, chính sách với chính quyền sở tại đối với dịch vụ vận tải hàng không của hãng; thúc đẩy bán hàng và các hoạt động marketing, nghiên cứu thị trường; phối hợp quản lý chính sách dịch vụ, chăm sóc khách hàng và khai thác chuyến bay tại Anh...\r\n\r\nVõ Thành', 5, 0, 3, 1, 2),
(121, 'Công ty Bầu Đức lãi hàng chục tỷ nhờ đàn bò', '2021-11-09', 'Bán heo, bò thịt mang về cho Hoàng Anh Gia Lai hơn 200 tỷ đồng doanh thu và gần 55 tỷ đồng lãi gộp t', '121_1.jpg', 'Báo cáo tài chính của Công ty cổ phần Hoàng Anh Gia Lai (HAG) ghi nhận doanh thu quý III hơn 550 tỷ đồng, giảm 20% so với cùng kỳ năm ngoái.\r\n\r\nTrái cây vẫn là nguồn thu chủ lực, đóng góp 220 tỷ đồng. Hai mảng kinh doanh mới là nuôi heo và bò thịt lần lượt mang về 182 tỷ đồng và 27 tỷ đồng doanh thu trong giai đoạn này, bù đắp đáng kể nguồn thu bị hụt khi không còn hợp nhất kết quả kinh doanh từ Công ty Nông nghiệp quốc tế Hoàng Anh Gia Lai (HNG).\r\n\r\nLợi nhuận gộp mảng trái cây đạt 85 tỷ đồng, tương ứng tỷ suất sinh lời gần 39%. Con số này giảm mạnh so với thời kỳ đỉnh cao cách đây hai năm khi biên lợi nhuận gộp lên đến 56%. Nuôi heo mang về 53 tỷ đồng lợi nhuận, còn bán bò thịt lãi chưa đến một tỷ đồng.\r\n\r\nChăn nuôi và trồng cây ăn trái được ban lãnh đạo Hoàng Anh Gia Lai chọn là hai ngành chủ lực trong tương lai, bên cạnh duy duy trì một số ngành nghề phụ trợ để tận dụng lợi thế về nguyên vật liệu sản xuất. Chi phí đang phát triển vườn cây ăn quả hiện là 2.000 tỷ đồng và dự án chăn nuôi hơn 1.150 tỷ đồng. Công ty dự kiến năm nay hoàn thiện hệ thống chuồng trại để sẵn sàng cho năm sau nuôi 15.000 heo nái sinh sản và xuất chuồng 300.000 heo thịt.\r\n\r\nTrong quý III, Hoàng Anh Gia Lai ghi nhận chi phí tài chính đột biến gần 700 tỷ đồng do trích lập dự phòng giảm giá khoản đầu tư vào HNG. Bù lại, công ty đã hoàn nhập gần 500 tỷ đồng chi phí quản lý doanh nghiệp nên vẫn có lãi quý thứ hai liên tiếp. Lãi sau thuế quý này xấp xỉ 22 tỷ đồng, tăng mạnh so với mức lỗ gần 570 tỷ đồng của cùng kỳ.\r\n\r\nLuỹ kế chín tháng đầu năm, Hoàng Anh Gia Lai thu 1.364 tỷ đồng và lãi sau thuế 30 tỷ đồng, lần lượt hoàn thành 66% và 29% kế hoạch cả năm. Ban lãnh đạo trước đó dự kiến doanh thu giảm mạnh nhưng thay vào đó sẽ cắt mạch lỗ bởi không còn ghi nhận dự phòng theo nguyên tắc thận trọng, cộng thêm đã tái cấu trúc và thoái vốn các khoản đầu tư.\r\n\r\nTính đến cuối tháng 9, Hoàng Anh Gia Lai có tổng tài sản xấp xỉ 18.400 tỷ đồng, giảm gần 19.000 tỷ đồng so với thời điểm đầu năm. Nợ phải trả cũng giảm gần 14.000 tỷ đồng, còn khoảng 13.430 tỷ đồng. Công ty còn lỗ sau thuế chưa phân phối hơn 4.000 tỷ đồng.', 5, 0, 1, 1, 12),
(122, 'Phó thủ tướng: Tránh tăng giá đột biến các mặt hàn', '2021-09-11', 'Phó thủ tướng Lê Minh Khái lưu ý giữ ổn định giá điện, xăng dầu... để tránh gây áp lực lạm phát và h', '122_1.jpg', 'Ngày 1/11, Văn phòng Chính phủ thông báo kết luận cuộc họp Ban chỉ đạo giá do Phó thủ tướng Lê Minh Khái chủ trì.\r\n\r\nTheo đó, lãnh đạo Chính phủ yêu cầu giữ ổn định giá các mặt hàng quan trọng, thiết yếu do Nhà nước định giá như điện, xăng dầu... Việc này nhằm bảo đảm kiểm soát lạm phát, hỗ trợ người dân, doanh nghiệp. Tuy nhiên, ông lưu ý các cơ quan quản lý cần chủ động các phương án để điều chỉnh giá một số hàng hóa, dịch vụ khi điều kiện cho phép.\r\n\r\nĐề cập tới giá xăng dầu, Chính phủ cho rằng, áp lực lớn khi điều hành giá trong nước cuối năm nay và cả năm 2022 khi giá năng lượng toàn cầu ở mức cao, khó lường. Phó thủ tướng Lê Minh Khái yêu cầu Bộ Công Thương cùng Bộ Tài chính điều hành linh hoạt theo diễn biến giá thế giới. Việc tính toán mức trích lập, chi sử dụng quỹ bình ổn cũng cần linh hoạt, hợp lý để tạo dư địa cho điều hành giá trong dịp Tết Nguyên đán và tạo đà kiểm soát giá năm 2022.\r\n\r\n\"Giữ bình ổn mặt bằng giá xăng dầu vừa để tháo gỡ khó khăn cho sản xuất, kinh doanh, lưu thông hàng hóa, vừa hỗ trợ thúc đẩy tăng trưởng kinh tế\", thông báo kết luận nêu.\r\n\r\nGiá bán lẻ xăng dầu trong nước vừa trải qua đợt tăng gần 1.500 đồng với xăng, trên 1.000 đồng với dầu, đưa giá loại nhiên liệu này lên mức cao nhất 7 năm. Mỗi lít xăng RON 95 ở mức 24.330 đồng một lít, E5 RON 92 là 23.110 đồng, dầu diesel 18.710 đồng... Sự tăng mạnh này do chịu ảnh hưởng của giá nhiên liệu thế giới, nhưng đã tác động tới các doanh nghiệp sản xuất, dịch vụ vận tải.\r\n\r\nĐổ xăng cho khách hàng, tại cây xăng trên đường Hai Bà Trưng, TP HCM. Ảnh: Quỳnh Trần\r\n\r\nVới điện, Bộ Công Thương được yêu cầu kiểm tra giá sản xuất, đánh giá kỹ các chi phí đầu vào, chi phí dự kiến và các khoản chưa được tính vào giá điện. Việc này nhằm xây dựng phương án điều chỉnh giá điện, dự kiến cho năm 2022, theo Quyết định 24/2017 về cơ chế điều chỉnh mức giá bản lẻ điện bình quân.\r\n\r\nSố liệu của Tổng cục Thống kê cho thấy, CPI bình quân 10 tháng đầu năm 2021 ở mức 1,81%. Đây là điều kiện thuận lợi và có dư địa để kiểm soát lạm phát cả năm 2021 dưới mục tiêu đề ra.\r\n\r\nTuy nhiên, hiện áp lực lên mặt bằng giá của một số mặt hàng (không nằm ở danh mục Nhà nước định giá, bình ổn giá) rất lớn do tác động từ cung cầu và khó khăn trong lưu thông hàng hóa. Chẳng hạn, giá sắt thép, phân bón, thức ăn chăn nuôi... ở mức cao và đang có xu hướng tăng cùng đà đi lên của thế giới khi nguồn cung chưa thể đáp ứng. Hay một số mặt hàng tiêu dùng lớn như gạo, rau củ quả... cũng đang trong xu hướng tăng.\r\n\r\nVới thịt heo, Phó thủ tướng yêu cầu Bộ Nông nghiệp & Phát triển nông thôn và Bộ Công Thương theo dõi sát tình hình thị trường, cung, cầu và giá để tránh tình trạng giá biến động đột biến khi nguồn cung gián đoạn từ việc tái đàn. Bộ Nông nghiệp & Phát triển nông thôn nghiên cứu có giải pháp quản lý theo chuỗi, từ khâu giết mổ, lưu thông đến tiêu thụ sản phẩm cho các hộ chăn nuôi.\r\n\r\n\"Cần phải cân đối được cung cầu gắn với khâu sản xuất, lưu thông và tín hiệu thị trường để giữ bình ổn giá trong dịp lễ, Tết năm 2021, và tạo đà thuận lợi những tháng đầu năm 2022\", Phó thủ tướng yêu cầu.\r\n\r\nVề vật liệu xây dựng, Bộ Xây dựng phối hợp với Bộ Tài nguyên và Môi trường, Bộ Công Thương nghiên cứu giải pháp giám sát khai thác, sản xuất và kiểm tra xử lý các trường hợp lợi dụng đầu cơ tăng giá bất hợp lý. Trường hợp cần thiết, các cơ quan này nghiên cứu báo cáo Chính phủ sửa đổi các văn bản quy phạm pháp luật để tạo thuận lợi cho hoạt động này, kiểm soát giá để không ảnh hưởng đến các dự án đầu tư xây dựng tại địa phương.\r\n\r\n\"Chính phủ quyết tâm kiểm soát lạm phát dự kiến khoảng 2%, trường hợp bất thường dự kiến cũng không vượt quá 2,5%\", thông báo của Văn phòng Chính phủ nêu.\r\n\r\nLãnh đạo Chính phủ đề nghị Bộ Tài chính cùng Ngân hàng Nhà nước, Bộ Kế hoạch & Đầu tư phân tích, dự báo và cập nhật kịch bản điều hành giá năm 2022 trên cơ sở tình hình thế giới tác động tới Việt Nam.\r\n\r\nChính sách tài khoá và tiền tệ cần được Bộ Tài chính, Ngân hàng Nhà nước điều hành chủ động, linh hoạt, hợp lý với các chính sách vĩ mô chung. Việc này góp phần hỗ trợ sản xuất kinh doanh, kiểm soát lạm phát cơ bản và tạo điều kiện cho các doanh nghiệp tiếp cận tín dụng để phát triển kinh tế.\r\n\r\nAnh Minh', 5, 0, 1, 1, 10),
(123, 'Thách thức khi muốn tăng khai thác dầu lúc giá cao', '2021-10-30', 'Trong khi giá dầu đang tăng cao, Tập đoàn Dầu khí Việt Nam cho biết việc tăng khai thác các mỏ lúc n', '123_1.jpg', '<p>Hiện cả hai loại dầu chủ chốt l&agrave; WTI v&agrave; Brent đều tăng khoảng 20% so với đầu th&aacute;ng 9. Gi&aacute; dầu b&igrave;nh qu&acirc;n ở mức 80 USD một th&ugrave;ng. Trong l&uacute;c gi&aacute; dầu th&ocirc; tr&ecirc;n thị trường thế giới đang tăng cao v&agrave; dự b&aacute;o c&oacute; thể vượt 90 USD một th&ugrave;ng, thậm ch&iacute; c&aacute;n mốc 100 USD, nhiều &yacute; kiến cho rằng c&oacute; thể c&acirc;n nhắc, xem x&eacute;t tăng sản lượng khai th&aacute;c dầu để b&ugrave; đắp, tăng thu ng&acirc;n s&aacute;ch.</p>\r\n<p><br></p>\r\n<p>Theo dự to&aacute;n ng&acirc;n s&aacute;ch Nh&agrave; nước 2022 đang được Ch&iacute;nh phủ tr&igrave;nh Quốc hội, dự to&aacute;n thu từ dầu th&ocirc; khoảng 28.200 tỷ đồng, chiếm 2% tổng thu c&acirc;n đối ng&acirc;n s&aacute;ch Nh&agrave; nước. Dự to&aacute;n n&agrave;y đưa ra tr&ecirc;n cơ sở sản lượng khai th&aacute;c trong nước gần 7 triệu tấn với kịch bản gi&aacute; dầu 60 USD một th&ugrave;ng.</p>\r\n<p><img src=\"https://nangluongquocte.petrotimes.vn/stores/news_dataimages/tranminhquan/052020/19/09/in_article/5-cach-de-tham-gia-vao-thi-truong-dau-tho.gif\"></p>\r\n<p>So với số thu từ dầu th&ocirc; năm 2011 khoảng 35.200 tỷ đồng với mức khai th&aacute;c 8,48 triệu tấn (với gi&aacute; dầu 62 USD một th&ugrave;ng), kế hoạch năm 2022 giảm gần 1,5 triệu tấn dầu khai th&aacute;c, thu ng&acirc;n s&aacute;ch cũng &iacute;t hơn khoảng 7.000 tỷ đồng.</p>', 5, 0, 1, 1, 10);

-- --------------------------------------------------------

--
-- Table structure for table `binhluan`
--

CREATE TABLE `binhluan` (
  `ID_BinhLuan` int(11) NOT NULL,
  `NoiDung` text NOT NULL,
  `ThoiGianBinhLuan` datetime NOT NULL DEFAULT current_timestamp(),
  `ID_BaiViet` int(11) NOT NULL,
  `ID_TaiKhoan` int(11) NOT NULL
) ENGINE=InnoDB DEFAULT CHARSET=utf8mb4;

--
-- Dumping data for table `binhluan`
--

INSERT INTO `binhluan` (`ID_BinhLuan`, `NoiDung`, `ThoiGianBinhLuan`, `ID_BaiViet`, `ID_TaiKhoan`) VALUES
(1, 'Bài viết này rất hay và hữu ích với tôi!', '2021-11-22 10:25:44', 121, 1),
(2, 'Tôi thấy bài viết khá ổn', '2021-11-22 10:25:44', 121, 1),
(3, 'Thật tuyệt vời', '2021-11-22 10:25:44', 121, 1),
(6, 'Tui thêm nè', '2021-11-22 10:25:44', 121, 1),
(7, 'heyimpg thêm', '2021-11-22 10:25:44', 121, 2),
(8, 'Hay zữ', '2021-11-22 11:22:39', 121, 2),
(9, '????', '2021-11-22 11:24:39', 121, 2),
(10, 'gì z', '2021-11-22 11:27:08', 101, 2),
(11, 'Bình luận nè', '2021-11-22 21:50:29', 121, 1),
(12, 'Thêm bl', '2021-11-25 10:29:55', 121, 2);

-- --------------------------------------------------------

--
-- Table structure for table `chitiettheloai`
--

CREATE TABLE `chitiettheloai` (
  `ID_CTTheLoai` int(11) NOT NULL,
  `TenCTTheLoai` varchar(50) NOT NULL,
  `ID_TheLoai` int(11) NOT NULL,
  `HienThiCon` int(2) NOT NULL,
  `NgayTao` datetime NOT NULL,
  `NgayCapNhat` datetime NOT NULL
) ENGINE=InnoDB DEFAULT CHARSET=utf8mb4;

--
-- Dumping data for table `chitiettheloai`
--

INSERT INTO `chitiettheloai` (`ID_CTTheLoai`, `TenCTTheLoai`, `ID_TheLoai`, `HienThiCon`, `NgayTao`, `NgayCapNhat`) VALUES
(1, 'Văn hoá', 1, 1, '2021-10-11 06:14:29', '2021-10-20 16:14:29'),
(2, 'Nhạc', 1, 1, '2021-09-04 11:07:11', '2021-11-08 06:52:39'),
(3, 'Phát minh', 3, 1, '2021-01-15 05:26:41', '2021-03-10 08:08:32'),
(4, 'Bóng đá', 4, 1, '2021-01-10 13:31:15', '2021-05-09 21:59:36'),
(5, 'Bất động sản', 5, 0, '2021-11-17 20:11:49', '2021-02-19 00:01:44'),
(6, 'Hồ sơ phá án', 6, 0, '2021-07-30 19:46:57', '2021-06-09 16:50:41'),
(7, 'Dân sinh', 7, 0, '2021-06-09 16:50:41', '2021-07-14 17:45:00'),
(8, 'Người Việt 5 châu', 8, 0, '2021-07-27 21:52:13', '2021-08-18 02:15:27');

-- --------------------------------------------------------

--
-- Table structure for table `chucdanh`
--

CREATE TABLE `chucdanh` (
  `ID_ChucDanh` int(11) NOT NULL,
  `TenChucDanh` varchar(20) NOT NULL
) ENGINE=InnoDB DEFAULT CHARSET=utf8mb4;

--
-- Dumping data for table `chucdanh`
--

INSERT INTO `chucdanh` (`ID_ChucDanh`, `TenChucDanh`) VALUES
(1, 'Quản trị viên'),
(2, 'Người dùng');

-- --------------------------------------------------------

--
-- Table structure for table `loaitin`
--

CREATE TABLE `loaitin` (
  `ID_LoaiTin` int(11) NOT NULL,
  `TenLoaiTin` varchar(30) NOT NULL
) ENGINE=InnoDB DEFAULT CHARSET=utf8mb4;

--
-- Dumping data for table `loaitin`
--

INSERT INTO `loaitin` (`ID_LoaiTin`, `TenLoaiTin`) VALUES
(1, 'Tin nổi bật'),
(2, 'Tin phổ biến'),
(3, 'Tin chọn lựa'),
(4, 'Tin thế giới'),
(9, 'Tin mới nhất');

-- --------------------------------------------------------

--
-- Table structure for table `luotthich`
--

CREATE TABLE `luotthich` (
  `ID_LuotThich` int(11) NOT NULL,
  `ID_BaiViet` int(11) NOT NULL,
  `ID_TaiKhoan` int(11) NOT NULL,
  `DaThich` tinyint(1) NOT NULL
) ENGINE=InnoDB DEFAULT CHARSET=utf8mb4;

--
-- Dumping data for table `luotthich`
--

INSERT INTO `luotthich` (`ID_LuotThich`, `ID_BaiViet`, `ID_TaiKhoan`, `DaThich`) VALUES
(27, 121, 1, 0),
(28, 101, 1, 0),
(29, 123, 1, 0),
(30, 121, 2, 1);

-- --------------------------------------------------------

--
-- Table structure for table `taikhoan`
--

CREATE TABLE `taikhoan` (
  `ID_TaiKhoan` int(11) NOT NULL,
  `TaiKhoan` varchar(20) NOT NULL,
  `MatKhau` varchar(100) NOT NULL,
  `ID_ChucDanh` int(11) NOT NULL
) ENGINE=InnoDB DEFAULT CHARSET=utf8mb4;

--
-- Dumping data for table `taikhoan`
--

INSERT INTO `taikhoan` (`ID_TaiKhoan`, `TaiKhoan`, `MatKhau`, `ID_ChucDanh`) VALUES
(1, 'Tuan Phan', '$2y$10$aZxRpQL8lgoATUqrm31YQ.1W.LuH8dSHFXjG6oCNdYGeLHnZZUHua', 2),
(2, 'phanquocanh', '$2y$10$N1EsT5jhYPimkkRuRcw44OqfUXACbKrAsCOVTLE321awZNaHq3.0W', 2),
(13, 'Phuong Nguyen', '$2y$10$nPYQcFcHt0J0wMR/2WhR.O4kn2HVzHp39D3ftyJ0AxWtkIIVzvClK', 1),
(14, 'haitran', '$2y$10$NCfQx5VEz/MBDbYd9By/cuy49u5mSQh3CVhayhL3MJVgavWhr2abW', 1);

-- --------------------------------------------------------

--
-- Table structure for table `theloai`
--

CREATE TABLE `theloai` (
  `ID_TheLoai` int(11) NOT NULL,
  `TenTheLoai` varchar(50) NOT NULL,
  `HienThiCha` int(2) NOT NULL,
  `NgayKhoiTao` datetime NOT NULL
) ENGINE=InnoDB DEFAULT CHARSET=utf8mb4;

--
-- Dumping data for table `theloai`
--

INSERT INTO `theloai` (`ID_TheLoai`, `TenTheLoai`, `HienThiCha`, `NgayKhoiTao`) VALUES
(1, 'Góc nhìn', 0, '2021-06-13 10:26:45'),
(2, 'Giải trí', 1, '2021-04-10 11:55:25'),
(3, 'Khoa học', 0, '2021-07-11 22:51:55'),
(4, 'Thể thao', 1, '2021-09-01 02:38:49'),
(5, 'Kinh doanh', 0, '2021-06-22 04:01:51'),
(6, 'Pháp luật', 1, '2021-07-16 17:31:36'),
(7, 'Thời sự', 0, '2021-10-30 01:33:34'),
(8, 'Thế giới', 1, '2021-09-16 20:03:06');

--
-- Indexes for dumped tables
--

--
-- Indexes for table `baiviet`
--
ALTER TABLE `baiviet`
  ADD PRIMARY KEY (`ID_BaiViet`);

--
-- Indexes for table `binhluan`
--
ALTER TABLE `binhluan`
  ADD PRIMARY KEY (`ID_BinhLuan`);

--
-- Indexes for table `chitiettheloai`
--
ALTER TABLE `chitiettheloai`
  ADD PRIMARY KEY (`ID_CTTheLoai`);

--
-- Indexes for table `chucdanh`
--
ALTER TABLE `chucdanh`
  ADD PRIMARY KEY (`ID_ChucDanh`);

--
-- Indexes for table `loaitin`
--
ALTER TABLE `loaitin`
  ADD PRIMARY KEY (`ID_LoaiTin`),
  ADD KEY `ID_LoaiTin` (`ID_LoaiTin`);

--
-- Indexes for table `luotthich`
--
ALTER TABLE `luotthich`
  ADD PRIMARY KEY (`ID_LuotThich`);

--
-- Indexes for table `taikhoan`
--
ALTER TABLE `taikhoan`
  ADD PRIMARY KEY (`ID_TaiKhoan`);

--
-- Indexes for table `theloai`
--
ALTER TABLE `theloai`
  ADD PRIMARY KEY (`ID_TheLoai`);

--
-- AUTO_INCREMENT for dumped tables
--

--
-- AUTO_INCREMENT for table `baiviet`
--
ALTER TABLE `baiviet`
  MODIFY `ID_BaiViet` int(11) NOT NULL AUTO_INCREMENT, AUTO_INCREMENT=139;

--
-- AUTO_INCREMENT for table `binhluan`
--
ALTER TABLE `binhluan`
  MODIFY `ID_BinhLuan` int(11) NOT NULL AUTO_INCREMENT, AUTO_INCREMENT=13;

--
-- AUTO_INCREMENT for table `chitiettheloai`
--
ALTER TABLE `chitiettheloai`
  MODIFY `ID_CTTheLoai` int(11) NOT NULL AUTO_INCREMENT, AUTO_INCREMENT=60;

--
-- AUTO_INCREMENT for table `chucdanh`
--
ALTER TABLE `chucdanh`
  MODIFY `ID_ChucDanh` int(11) NOT NULL AUTO_INCREMENT, AUTO_INCREMENT=3;

--
-- AUTO_INCREMENT for table `loaitin`
--
ALTER TABLE `loaitin`
  MODIFY `ID_LoaiTin` int(11) NOT NULL AUTO_INCREMENT, AUTO_INCREMENT=11;

--
-- AUTO_INCREMENT for table `luotthich`
--
ALTER TABLE `luotthich`
  MODIFY `ID_LuotThich` int(11) NOT NULL AUTO_INCREMENT, AUTO_INCREMENT=31;

--
-- AUTO_INCREMENT for table `taikhoan`
--
ALTER TABLE `taikhoan`
  MODIFY `ID_TaiKhoan` int(11) NOT NULL AUTO_INCREMENT, AUTO_INCREMENT=15;

--
-- AUTO_INCREMENT for table `theloai`
--
ALTER TABLE `theloai`
  MODIFY `ID_TheLoai` int(11) NOT NULL AUTO_INCREMENT, AUTO_INCREMENT=2436;
COMMIT;

/*!40101 SET CHARACTER_SET_CLIENT=@OLD_CHARACTER_SET_CLIENT */;
/*!40101 SET CHARACTER_SET_RESULTS=@OLD_CHARACTER_SET_RESULTS */;
/*!40101 SET COLLATION_CONNECTION=@OLD_COLLATION_CONNECTION */;
