-- phpMyAdmin SQL Dump
-- version 5.1.1
-- https://www.phpmyadmin.net/
--
-- Host: 127.0.0.1
-- Generation Time: Nov 26, 2021 at 09:19 AM
-- Server version: 10.4.21-MariaDB
-- PHP Version: 7.4.25

SET SQL_MODE = "NO_AUTO_VALUE_ON_ZERO";
START TRANSACTION;
SET time_zone = "+00:00";


/*!40101 SET @OLD_CHARACTER_SET_CLIENT=@@CHARACTER_SET_CLIENT */;
/*!40101 SET @OLD_CHARACTER_SET_RESULTS=@@CHARACTER_SET_RESULTS */;
/*!40101 SET @OLD_COLLATION_CONNECTION=@@COLLATION_CONNECTION */;
/*!40101 SET NAMES utf8mb4 */;

--
-- Database: `webtintuc`
--

-- --------------------------------------------------------

--
-- Table structure for table `baiviet`
--

CREATE TABLE `baiviet` (
  `ID_BaiViet` int(11) NOT NULL,
  `TieuDe` varchar(50) NOT NULL,
  `NgayDang` date NOT NULL DEFAULT current_timestamp(),
  `GioiThieu` varchar(100) NOT NULL,
  `AnhDaiDien` varchar(50) NOT NULL,
  `NoiDung` text NOT NULL,
  `ID_TheLoai` int(11) NOT NULL,
  `ID_CTTheLoai` int(11) NOT NULL,
  `ID_LoaiTin` int(11) DEFAULT NULL,
  `ID_TaiKhoan` int(11) NOT NULL,
  `SoLuotThich` int(11) NOT NULL
) ENGINE=InnoDB DEFAULT CHARSET=utf8mb4;

--
-- Dumping data for table `baiviet`
--

INSERT INTO `baiviet` (`ID_BaiViet`, `TieuDe`, `NgayDang`, `GioiThieu`, `AnhDaiDien`, `NoiDung`, `ID_TheLoai`, `ID_CTTheLoai`, `ID_LoaiTin`, `ID_TaiKhoan`, `SoLuotThich`) VALUES
(101, 'Khi \'Vị\' không còn là \'vị Việt\' heo 1', '2021-09-25', 'Việc từ bỏ quyền tác giả của đạo diễn, từ bỏ quyền sở hữu của nhà sản xuất phim Vị cho thấy một số', '101_1.jpg', 'Ngậm ngùi đổi “quốc tịch”\r\nVị, theo cách nào đó, đã không còn là của Lê Bảo và Đồng Thị Phương Thảo. Theo thông tin từ nhà sản xuất Phương Thảo, cả hai đã ký văn bản từ chối quyền của mình với bộ phim này. Cụ thể, Lê Bảo từ chối quyền tác giả, còn Phương Thảo từ chối quyền sở hữu với tác phẩm.\r\n\r\n“Chúng tôi phải ký một văn bản với các công ty đồng sản xuất ở Pháp, Singapore, Đức và Thái Lan. Chúng tôi phải từ bỏ vì đó là hy vọng duy nhất của chúng tôi. Khi phim không còn “quốc tịch” Việt Nam, không liên quan đến chúng tôi ở Việt Nam nữa thì nó còn cơ hội sống, cơ hội đi. Đó là cách duy nhất chúng tôi có thể nghĩ đến. Tôi cũng không biết điều đó ở Việt Nam có được chấp nhận không”, nhà sản xuất Phương Thảo chia sẻ.\r\n\r\nSau khi văn bản này được ký, công ty tại Singapore của nhà đồng sản xuất Lai Weijie hiện là công ty giữ nhiều quyền nhất với phim Vị. Như vậy, Vị đã không còn “quốc tịch” Việt Nam mà mang “quốc tịch” Singapore.\r\n\r\nTrước đó, Vị đã không được hội đồng duyệt phim quốc gia của Việt Nam cấp phép phổ biến, khiến phim không được chiếu trong nước và cũng không được mang đi nước ngoài với tư cách là một phim Việt Nam. Dù rất buồn, nhà sản xuất Phương Thảo cho biết cô cùng đoàn phim vẫn mong muốn tác phẩm điện ảnh này có cơ hội được hội đồng duyệt phim xem xét lại, để có thể đến với các liên hoan phim (LHP) với danh nghĩa là phim Việt Nam.\r\n\r\nLuật sư Phạm Duy Khương chuyên về lĩnh vực sở hữu trí tuệ cho rằng việc từ bỏ quyền sở hữu với tác phẩm của nhà sản xuất không có vấn đề gì về pháp lý. Tuy nhiên, việc từ bỏ quyền nhân thân của đạo diễn phức tạp hơn nhiều. Ông Khương cho biết hiện tại ở Việt Nam tuy luật không cấm, song không có quy định cụ thể về việc từ bỏ quyền nhân thân. Vì thế, việc từ bỏ quyền tác giả này sẽ khó thực hiện. Tuy nhiên, nếu việc từ bỏ được thực hiện theo pháp luật Singapore thì có thể.\r\nGiám tuyển nghệ thuật Nguyễn Anh Tuấn (chủ của Heritage Space) đánh giá việc Vị không còn mang “quốc tịch” Việt Nam là một điều đáng buồn. Ông cũng nhận định đây là cách “giữ an toàn” khi kiểm định nghệ thuật phải đối mặt với những nội dung “khó hiểu”, “nhạy cảm” mà chưa có thang bậc pháp lý nào quy định rõ ràng.\r\nÔng Vi Kiến Thành, Cục trưởng Cục Điện ảnh (Bộ VH-TT-DL), chiều 27.9 cho biết Cục Điện ảnh đã có buổi làm việc với nhà sản xuất Đồng Thị Phương Thảo và yêu cầu nhà sản xuất có văn bản về vụ việc này.\r\nCần có cơ chế khác cho duyệt phim\r\nLý do để Vị không được cấp phép là cảnh khỏa thân trực diện kéo dài. Điều này đã được mổ xẻ trong cuộc tọa đàm trực tuyến Ai góp ý giơ tay lên về dự thảo luật Điện ảnh sửa đổi, diễn ra chiều 26.9. Thành viên của hội đồng duyệt phim, đạo diễn Nguyễn Hoàng Điệp cho rằng với bà, cảnh khỏa thân đó không kéo dài, nó hợp lý, tuy nhiên với thành viên khác của hội đồng thì không. Thêm vào đó, quy định hiện tại về phân loại phim chỉ có cao nhất là C18 (cấm khán giả dưới 18 tuổi) và nó cũng không áp dụng được với trường hợp của Vị. “Khi chúng ta không thể phân loại cho họ nữa thì họ bị cấm”, bà Điệp nói.\r\n\r\nBà Điệp cũng nuối tiếc, nếu luật Điện ảnh hiện hành khác đi thì câu chuyện cũng có thể khác. Có thể có thêm những phân loại tuổi khác nhau cho phim; hoặc cần có quy định rõ ràng cảnh khỏa thân được kéo dài đến đâu. Quy định này thậm chí còn giúp người làm phim có thể sáng tạo dễ dàng hơn. Đạo diễn Trần Anh Hùng lấy ví dụ về nụ hôn dài nhất trong phim của Alfred Hitchcock. Luật điện ảnh Mỹ thời điểm đó quy định mỗi nụ hôn trên phim không dài quá 3 giây, đạo diễn đã cho nhân vật chạm môi nhau 3 giây lại rời môi rồi chạm lại, cứ thế nụ hôn kéo dài đến hơn 2 phút.\r\nChuyên gia pháp lý Fushihara Hirota cũng cho rằng việc sửa đổi luật Điện ảnh cần tập trung vào phân loại phim trước. Theo đó, nên tập trung xây dựng bộ tiêu chí thay cho điều cấm. Những tiêu chí này được bổ sung liên tục. Cũng theo ông Hirota, hội đồng duyệt chỉ có thể phân loại phim chứ không phải để cấm.\r\n\r\nNhững kiến nghị để có một cơ chế khác cho duyệt phim đi LHP nước ngoài của các nhà làm phim này gợi lại ý kiến cách đây vài ngày của ông Nguyễn Đắc Vinh, Chủ nhiệm Ủy ban Văn hóa - Giáo dục của Quốc hội, trong phiên họp xem xét thẩm tra dự án luật Điện ảnh sửa đổi hôm 24.9. Theo đó, trong báo cáo thẩm tra dự án luật Điện ảnh sửa đổi, ông Vinh yêu cầu “nghiên cứu, có cơ chế cấp phép đặc thù đối với phim Việt Nam tham gia LHP, giải thưởng, cuộc thi phim, chương trình phim, tuần phim tại nước ngoài”.', 1, 1, 1, 1, 10),
(102, 'Lý Nhã Kỳ đáp trả khi bị nói đăng ảnh gợi heo 2', '2021-09-17', 'Với những bình luận kém duyên và thiếu văn minh, Lý Nhã Kỳ sẵn sàng lên tiếng đáp trả cũng như mong ', '102_1.jpg', 'Trong thời gian giãn cách, Lý Nhã Kỳ chăm chỉ chia sẻ cuộc sống hằng ngày của bản thân trên mạng xã hội. Nữ diễn viên cũng nhận được nhiều lời khen về nhan sắc ngày càng trẻ trung và vóc dáng quyến rũ. Tuy nhiên, cô vẫn không tránh khỏi việc bị một số antifan mỉa mai bằng các câu từ kém duyên.\r\n\r\nMới đây, một số tài khoản bình luận rằng việc Lý Nhã Kỳ đăng ảnh gợi cảm chỉ nhằm mục đích \"cua trai\". Thay vì phớt lờ, nữ diễn viên Gió nghịch mùa quyết định đáp trả. \"Từ \'cua trai\' không dành cho cuộc đời tôi và trong hạnh phúc của tôi. Tôi biết giá trị của mình và mỗi ngày tôi đang làm cho giá trị mình cao hơn, ý nghĩa hơn bằng sự cố gắng, nỗ lực tạo thêm nhiều thành tựu trong sự nghiệp và đóng góp nhiều hơn cho cộng đồng. Từ nhỏ đến hiện tại tôi chưa phải cua trai vì nó luôn là ở phía ngược lại. Bên cạnh đó tôi nghĩ rằng mây tầng nào sẽ gặp mây tầng đó và tầng mây của tôi không phải cứ đẹp trai thôi là được, mà phải có những phẩm chất của một quý ông\", cô nói.\r\n\r\nMặc dù đã quen với \"sóng gió\" dư luận nhưng Cựu đại sứ Du lịch Việt Nam cũng nhiều lần bất bình với những lời lẽ khiếm nhã của dân mạng. Nữ diễn viên cho biết bản thân thường nhận những bình luận tiêu cực, cho rằng chuyện cô bày tiệc, ăn uống trên mạng xã hội là vô cảm với cộng đồng. Đáp lại, Lý Nhã Kỳ nói: “Thực tế, tôi đã đóng góp rất nhiều trong những năm qua và vẫn đang đóng góp cho cộng đồng. Tôi hiểu rằng xã hội nào cũng luôn có một số ít người không làm từ thiện nhưng luôn dạy người khác phải làm từ thiện. Tôi muốn nói rằng họ đã chọn nhầm người để công kích”.\r\nĐồng thời, Lý Nhã Kỳ cho biết cô không ngần ngại lên tiếng để bảo vệ bản thân trước sự phán xét của “anh hùng bàn phím”. Lãnh sự danh dự của Romania nói: “Tôi tôn trọng ý kiến đa chiều của mọi người. Tuy nhiên, bạn không có quyền vào trang cá nhân của người khác để nhục mạ, chửi bới họ bằng những lời lẽ cay nghiệt nhất. Không việc gì phải chịu đựng người khác chửi rủa, lăng mạ mình cả. Nếu góp ý thật lòng thì mọi người sẽ sử dụng câu từ văn minh mang tính xây dựng để nói. Vì chúng ta cần ứng xử có văn hóa trong một xã hội văn minh và ai cũng cần được tôn trọng, bình đẳng như nhau”.', 1, 1, 2, 1, 20),
(103, 'Phát hiện trang sức cổ xưa nhất thế giới heo 3', '2021-09-11', 'MOROCCO - Các nhà khoa học tìm thấy hàng chục mảnh vỏ ốc đục lỗ có niên đại 142.000 - 150.000 năm, n', '103_1.jpg', 'Con người đã đeo vòng cổ, vòng tay, khuyên tai và các loại trang sức khác từ thời xa xưa. Tuy nhiên, việc phát hiện hàng chục hạt trang sức làm từ vỏ ốc biển trong hang Bizmoune, miền tây Morocco, cho thấy tập tục này xuất hiện sớm hơn nhiều so với những gì các nhà khoa học từng nghĩ. Nghiên cứu mới xuất bản trên tạp chí Science Advances hôm 22/9.\r\n\r\nNhà nhân chủng học Steven Kuhn tại Đại học Arizona phối hợp với các nhà nghiên cứu từ Viện Di sản và Khoa học Khảo cổ Quốc gia Morocco tiến hành các chuyến khai quật từ năm 2014 - 2018 tại hang Bizmoune và tìm thấy tổng cộng 33 hạt trang sức làm từ vỏ ốc biển. Chúng có niên đại 142.000 - 150.000 năm, là trang sức cổ xưa nhất từng được phát hiện trên thế giới.\r\n\r\nCác mảnh vỏ ốc rộng khoảng hơn 1 cm với lỗ tròn đục ở giữa. Chúng có dấu vết bị mòn bên trong, nghĩa là có thể từng xâu vào vòng cổ hoặc vòng tay và được sử dụng thường xuyên. \"Các hạt trang sức có thể là một cách để người xưa thể hiện danh tính của mình qua trang phục. Chúng cho thấy điều này đã xuất hiện từ hàng trăm nghìn năm trước, và con người quan tâm đến việc giao tiếp với những nhóm lớn hơn là chỉ gia đình và bạn bè thân cận\", Kuhn cho biết.\r\n\r\n33 hạt trang sức trong hang Bizmoune cũng giống với nhiều hạt khác được tìm thấy tại châu Phi, nhưng những mẫu vật trước đó có niên đại không quá 130.000 năm. Toàn bộ số hạt ở Bắc Phi đều thuộc nền văn hóa Aterian. Những di chỉ sớm nhất của nền văn hóa này tồn tại từ 150.000 năm trước và muộn nhất là 20.000 năm trước.\r\n\r\nTrang sức hạt mà người Aterian chế tạo và sử dụng có khả năng là một hình thức giao tiếp không lời, theo Kuhn. Các nhà nhân chủng học không chắc chắn về thời điểm ngôn ngữ xuất hiện, nên có thể người Aterian hoàn toàn dựa vào các phương pháp không lời để chia sẻ thông tin.\r\n\r\nKuhn tin rằng thông điệp hoặc ý nghĩa của hạt trang sức rất quan trọng và trường tồn với thời gian, vì người Aterian lựa chọn tạo ra những vật trang trí có thể tồn tại lâu dài để truyền tải thông điệp đó. Trong khi đó, người tiền sử thường tô điểm cho khuôn mặt và cơ thể bằng than hoặc thổ hoàng cho các mục đích nghi lễ hoặc giao tiếp, nhưng chúng chỉ mang tính tạm thời.\r\n\r\nKuhn cùng đồng nghiệp không rõ chính xác người Aterian muốn truyền tải điều gì với trang sức của mình. Giả thuyết thứ nhất là hạt trang sức đóng vai trò giống như thẻ tên hoặc huy hiệu nhận dạng. Những cá nhân, gia đình, thị tộc hoặc làng xóm khác nhau có thể muốn trở nên dễ phân biệt, nhất là khi số lượng dân cư trong vùng tăng lên cùng với sự phát triển của thời kỳ Đồ Đá.\r\n\r\nGiả thuyết thứ hai, trang sức hạt là một biểu tượng cho địa vị. Tùy thuộc vào thiết kế, các hạt vỏ ốc có thể giúp người có quyền lực về chính trị, xã hội, văn hóa, kinh tế, tâm linh hoặc y học trở nên khác biệt. Một khả năng khác là người Aterian đeo trang sức với cùng lý do như đa số mọi người ngày nay, đó là họ thích kiểu dáng của chúng và tin rằng chúng sẽ tôn lên vẻ ngoài của mình.\r\n\r\nThu Thảo (Theo Ancient Origins)', 1, 1, 3, 1, 10),
(104, 'Tây Ban Nha thua đau ở futsal World Cup heo 4', '2021-09-27', 'LITHUANIA - Dẫn trước hai bàn nhưng đội tuyển futsal số một thế giới thua ngược Bồ Đào Nha 2-4 và bị', '104_1.jpg', 'Anh1\r\nHai đội tuyển thuộc bán đảo Iberia đều là những cường quốc futsal. Trong khi Tây Ban Nha đứng số một, Bồ Đào Nha đang xếp số sáu. Giữa họ cũng có nhiều ân oán. Tây Ban Nha thắng năm trong sáu cuộc đối đầu gần đây, nhưng Bồ Đào Nha từng vượt qua đối thủ láng giếng ở chung kết Euro 2018.\r\n\r\nĐã quá hiểu nhau nên thế trận hai đội tạo ra khá cân bằng. Tây Ban Nha có cơ hội mở tỷ số ngay những giây đầu tiên nhưng Aldofo Fernandez đệm bóng ra ngoài trước khung thành trống. Cuối hiệp một, họ được hưởng phạt đền 10 mét nhưng không tận dụng thành công. Bồ Đào Nha cầm bóng nhiều hơn, tạo nhiều sóng gió về khung thành đối thủ nhưng đều thất bại ở những pha kết thúc.\r\n\r\n18\r\nThể thaoBóng đáCác giải khácThứ ba, 28/9/2021, 06:34 (GMT+7)\r\nTây Ban Nha thua đau ở futsal World Cup\r\nLITHUANIADẫn trước hai bàn nhưng đội tuyển futsal số một thế giới thua ngược Bồ Đào Nha 2-4 và bị loại khỏi tứ kết futsal World Cup 2021 tối 27/9.\r\n\r\nTây Ban Nha (áo đỏ) dẫn đối thủ 2-0 nhưng lại đánh mất lợi thế và thua ngược. Ảnh: FIFA\r\n\r\nBồ Đào Nha thi đấu kiên cường, để khiến Tây Ban Nha (áo đỏ) nhận trái đắng trong trận tứ kết thứ ba của FIFA futsal World Cup 2021. Ảnh: FIFA\r\n\r\nHai đội tuyển thuộc bán đảo Iberia đều là những cường quốc futsal. Trong khi Tây Ban Nha đứng số một, Bồ Đào Nha đang xếp số sáu. Giữa họ cũng có nhiều ân oán. Tây Ban Nha thắng năm trong sáu cuộc đối đầu gần đây, nhưng Bồ Đào Nha từng vượt qua đối thủ láng giếng ở chung kết Euro 2018.\r\n\r\nĐã quá hiểu nhau nên thế trận hai đội tạo ra khá cân bằng. Tây Ban Nha có cơ hội mở tỷ số ngay những giây đầu tiên nhưng Aldofo Fernandez đệm bóng ra ngoài trước khung thành trống. Cuối hiệp một, họ được hưởng phạt đền 10 mét nhưng không tận dụng thành công. Bồ Đào Nha cầm bóng nhiều hơn, tạo nhiều sóng gió về khung thành đối thủ nhưng đều thất bại ở những pha kết thúc.\r\n\r\nĐầu hiệp hai, Tây Ban Nha vượt lên. Aldofo Fernandez lốp bóng qua đầu thủ thành Bebe để mở tỷ số phút 22. Hai phút sau, từ quả đá phạt chếch khung thành, Adri Martinez sút căng, nhân đôi cách biệt cho đội bóng xứ đấu bò.\r\n\r\nBị đẩy vào thế đường cùng, Bồ Đào Nha vùng lên mạnh mẽ, khiến hàng thủ Tây Ban Nha bộc lộ những sai sót. Phút 31, thủ môn Jesus Herrero bắt không dính để bóng bay vào lưới từ cú sút của Andre, rút ngắn tỷ số xuống 1-2. Phút 36, cầu thủ Tây Ban Nha không kèm người, để Bồ Đào Nha thoải mái phối hợp đá biên trước khi Zicky ghi bàn gỡ hoà 2-2.\r\n\r\nHai đội phải bước vào hai hiệp phụ (mỗi hiệp năm phút). Tây Ban Nha một lần nữa phạm sai lầm, khi fixo Jose Raya phá bóng phản lưới nhà ở phút 43. Sang hiệp phụ thứ hai, Tây Ban Nha phải chơi power-play. Nhưng không những không có bàn gỡ mà còn thua thêm ở phút 48 từ cú sút vào lưới trống của Pany.\r\nAnh2\r\n\r\nTrận tứ kết sau đó có kết cục tương tự. Iran dẫn hai bàn ngay trong hiệp một, nhờ công Moslem Oladghobad và Ahmad Esmaeilpour. Nhưng sang hiệp hai, Kazakhstan quân bình được tỷ số 2-2 từ các pha làm bàn của Tursagulov và Arnold Knaub.\r\n\r\nKhi trận đấu còn hơn một phút, Kazakhstan phối hợp đá phạt góc để Taynan đệm bóng vào góc gần, ấn định chiến thắng 3-2 để giành quyền vào bán kết gặp Bồ Đào Nha.\r\nĐức Đồng', 1, 1, 7, 1, 10),
(105, 'Cách Trung Quốc ngăn tác động của khủng hoảng Ever', '2021-09-28', 'Ở nhiều nước, việc một tập đoàn nợ hơn 300 tỷ USD sụp đổ sẽ gây chấn động cả nền kinh tế, nhưng ở Tr', '105_1.jpg', 'Ở nhiều nước, việc một tập đoàn nợ hơn 300 tỷ USD sụp đổ sẽ gây chấn động cả nền kinh tế, nhưng ở Trung Quốc thì chưa chắc.\r\n\r\nThế giới tài chính đang dõi theo cuộc khủng hoảng của Evergrande, nhà phát triển bất động sản mắc nợ nhiều nhất thế giới. Tuần trước, thời hạn thanh toán 83 triệu USD cho các nhà đầu tư nước ngoài đã đến, nhưng không có dấu hiệu cho thấy Evergrande đã đáp ứng các nghĩa vụ của mình. Điều này đặt ra câu hỏi về điều gì sẽ tiếp tục xảy ra.\r\n\r\nTheo nguồn tin giấu tên của New York Times, Chính phủ Trung Quốc vẫn chưa có hành động cụ thể vì họ muốn tình huống ngặt nghèo của Evergrande sẽ cảnh tỉnh các công ty khác về việc phải có kỷ luật tài chính.\r\n\r\nTrung Quốc từng kiểm soát rất tốt các cuộc khủng hoảng tài chính trong quá khứ. Các nhà kinh tế trong và ngoài Trung Quốc đánh giá, vì tin vào các biện pháp bảo vệ của chính quyền, nhiều nhà đầu tư vẫn sẵn sàng đặt cược cho các công ty lớn dù có triển vọng trả nợ kém.\r\n\r\nTuy nhiên, về lâu dài, rủi ro của việc này là Trung Quốc có thể đi theo bước chân của Nhật Bản, nơi đã chứng kiến nhiều năm kinh tế trì trệ dưới gánh nặng của khoản nợ khổng lồ và các công ty hoạt động chậm chạp, kém hiệu quả.\r\n\r\nVì vậy, bằng cách không mạnh mẽ đưa ra tín hiệu về một gói cứu trợ Evergrande, chính phủ về cơ bản đang cố gắng buộc cả nhà đầu tư và các công ty ngừng chuyển tiền cho các công ty rủi ro, mắc nợ nhiều. Tất nhiên, cách tiếp cận đó cũng mang lại rủi ro, đặc biệt nếu sự sụp đổ gây bất an cho người mua nhà và các nhà đầu tư tiềm năng của thị trường bất động sản.\r\n\r\nEswar Prasad, Giáo sư kinh tế tại Đại học Cornell, người từng là trưởng bộ phận Trung Quốc tại IMF cho rằng, việc Evergrande đột ngột vỡ nợ \"sẽ là chất xúc tác hữu ích cho kỷ luật thị trường, nhưng cũng có thể làm ảnh hưởng đến tâm lý nhà đầu tư trong và ngoài nước\".\r\nAnh1\r\n\r\nNhưng cho đến nay, các quan chức Trung Quốc tin rằng họ kiểm soát được tình hình bởi vẫn đang sở hữu một loạt các công cụ đủ mạnh để ngăn một cuộc khủng hoảng tài chính, nếu vấn đề của Evergrande trở nên tồi tệ hơn.\r\n\r\nZhu Ning, Phó hiệu trưởng Viện Tài chính Nâng cao Thượng Hải, cho biết chính phủ \"vẫn sẽ cung cấp sự đảm bảo\" cho nhiều hoạt động của Evergrande, \"nhưng các nhà đầu tư sẽ phải đổ mồ hôi\".\r\n\r\nChủ tịch Trung Quốc Tập Cận Bình khi bắt đầu nhiệm kỳ thứ hai vào năm 2017 đã xác định việc kiềm chế rủi ro tài chính là một trong những \"trận chiến lớn\" của chính quyền. Ông sắp bắt đầu nhiệm kỳ thứ ba vào năm sau nên sẽ không để xảy ra bất kỳ sự tổn hại chính trị nào vì khủng hoảng Evergrande.\r\n\r\nĐầu tiên, Bắc Kinh kiểm soát hệ thống ngân hàng của đất nước ở một mức độ vượt xa các quy định ngân hàng ở phương Tây. Các bên cho vay chính là các công ty thuộc sở hữu nhà nước. Những ngân hàng này ưu tiên chính sách kinh tế của chính phủ hơn lợi nhuận của chính họ. Thay vì yêu cầu trả nợ, các ngân hàng của Trung Quốc đã đàm phán các thỏa thuận riêng với Evergrande trong nhiều tháng.\r\n\r\nViệc kiểm soát các ngân hàng cũng cho phép Bắc Kinh tiếp cận nguồn tiền khổng lồ từ các khoản tiền gửi của đất nước, tạo ra một tấm đệm tài chính đủ dày.\r\n\r\nTrung Quốc cũng kiểm soát chặt chẽ việc chuyển tiền qua biên giới. Các nhà đầu tư Trung Quốc và toàn cầu không thể đột ngột tìm lối thoát nếu họ lo lắng. Những biện pháp kiểm soát đó đã giúp cách ly Trung Quốc khỏi cuộc khủng hoảng tài chính châu Á năm 1997 và 1998 gây thiệt hại nặng nề cho các nền kinh tế khác.\r\n\r\nCác tòa án tại nước này cũng phải cần sự chấp thuận của các nhà lãnh đạo cao nhất mới được đưa ra bất kỳ quyết định buộc Evergrande phá sản và tái cấu trúc nào. Vì vậy, nhà chức trách có thể tránh một đợt bán tháo gấp rút như Lehman’s vào năm 2008. Do đó, sẽ không có cú sốc đối với giá đất, căn hộ và các tài sản chấp khác của Evergrande. Việc sa thải hàng loạt cũng sẽ không diễn ra.\r\n\r\nTheo một nguồn tin am hiểu về hoạt động hoạch định chính sách kinh tế Trung Quốc, giới chức nước này đang tin rằng, với việc tái cơ cấu hợp lý, Evergrande có đủ tài sản để trang trải phần lớn các khoản nợ của mình. Thực tế, họ đã từng bình tĩnh giám sát việc tái cơ cấu Anbang và HNA, hai đế chế nợ nần chồng chất, hay buộc thu hẹp quy mô của Dalian Wanda.\r\n\r\nThứ hai, ảnh hưởng của nhà nước với các công ty lớn còn có thể trợ giúp quá trình đó. Một số công ty xây dựng và bất động sản quốc doanh lớn nhất đất nước có thể tham gia để hoàn thành khoảng 800 khu phức hợp dang dở của Evergrande và thanh toán cho các nhà thầu.\r\n\r\nCác quan chức coi đó là một trong những lợi ích của việc mở rộng khu vực kinh tế nhà nước dưới thời ông Tập. \"Các doanh nghiệp nhà nước sẽ đảm bảo giao các căn hộ để tránh bất ổn xã hội\", ông Zhu nói.\r\n\r\nNgoài ra, song song công cụ tài chính và huy động các công ty quốc doanh, nhà chức trách còn có thể quản lý nhận thức và phản ứng của công chúng. Kể từ khi ngành xây dựng trở thành trụ cột của nền kinh tế Trung Quốc vào những năm 1990, tranh chấp giữa người mua nhà và chủ đầu tư đã dẫn đến các cuộc biểu tình.\r\n\r\nNhững người mua nhà thường mua căn hộ trước khi chúng được xây dựng, đã cố gắng đoàn kết để lên tiếng trước những yếu kém về chất lượng và uy tín của chủ đầu tư. Ví dụ, trong tháng này, hàng trăm người mua nhà ở Cảnh Đức Trấn, một thành phố ở miền nam Trung Quốc, đã tổ chức các cuộc biểu tình vì lo ngại Evergrande sẽ sụp đổ trước khi hoàn tất việc bàn giao quyền sở hữu hợp pháp căn hộ của họ.\r\nAnh2\r\n\r\nNhà chức trách đã nhanh chóng vào cuộc. Sau cuộc biểu tình, chính quyền đăng cảnh báo những người mua nhà có thể bị bắt vì biểu tình. Trong năm nay, các địa phương đã thông báo lực lượng chuyên tránh giám sát những người mua nhà bị hại, các nhà thầu không được thanh toán và thậm chí là các nhân viên bán bất động sản bị sa thải.\r\n\r\n\"Hãy theo dõi nhu cầu để phát hiện, giải tỏa, kiểm soát và xử lý sớm\", chính quyền huyện Linh Sơn (Vô Tích, Giang Tô) nêu trong một chỉ thị về các cuộc biểu tình đầu năm nay. \"Người đứng đầu các công ty phát triển bất động sản phải đích thân giải quyết các kiến nghị và duy trì sự ổn định\", chỉ thị nêu.\r\n\r\nMinxin Pei, giáo sư chính phủ tại Claremont McKenna College, đánh giá việc kiểm soát người mua nhà biểu tình có thể dập tắt bất ổn. Nhưng để khôi phục niềm tin bị xói mòn thì khó hơn. \"Không thể kiềm chế tác động kinh tế bằng một cuộc phô trương lực lượng an ninh, bởi vì tác động ảnh hưởng ở mặt niềm tin của người tiêu dùng và các quyết định ở cấp vi mô của hàng triệu doanh nghiệp. Đó là một thách thức khó khăn hơn nhiều, đòi hỏi các phản ứng chính sách kinh tế phù hợp\", ông nói.', 8, 2, 3, 1, 10),
(106, 'Roma - Milan: Điểm hẹn của Mourinho và Ibrahimovic', '2021-10-31', 'Trước khi đối đầu nhau ở vòng 11 Serie A tối 31/10, Jose Mourinho và Zlatan Ibrahimovic từng cùng nh', '106_1.jpg', 'Cả hai lần đầu hợp tác mùa 2008-2009, khi Mourinho dẫn dắt Inter. Ngay mùa đầu tại sân Giuseppe Meazza, họ cùng nhau đoạt Scudetto. Còn Ibrahimovic trở thành Vua phá lưới với 25 bàn, nhiều hơn một bàn so với Diego Milito (Genoa) và Marco Di Vaio (Bologna).\r\n\r\nNăm đó, Inter vô địch sớm, nhưng Ibrahimovic có lúc ấm ức vì cảm thấy đồng đội không hỗ trợ anh ghi thêm bàn để đua tranh Vua phá lưới. \"Cậu ta lao đến chỗ tôi với vẻ tức tối và hét ầm lên: \'Chúng ta đã vô địch, tôi đã giúp các người rất nhiều để vô địch. Thế mà bây giờ chẳng ai giúp tôi. Tôi muốn rời sân ngay lúc này\'\", Mourinho kể lại trong một cuộc phỏng vấn năm 2014. \"Nhưng tôi giả vờ không hiểu. Tôi hỏi lại: \'Cái gì? Cái gì? Cậu muốn uống nước à?\' Rồi tôi ném cho cậu ta chai nước và nói: \'Đây, uống đi và quay vào sân ngay\'. Vài phút sau, cậu ta ghi một tuyệt phẩm\".(Ảnh)\r\n\r\nNhưng, sau mùa giải đó, Ibrahimovic cũng chia tay Inter để cập bến Barca. \"Tôi sẽ vô địch Champions League\", tiền đạo Thụy Điển nói. Và Mourinho đáp lại: \"Cậu có thể rời đi, nhưng chúng tôi sẽ đoạt Champions League\".\r\n\r\nIbrahimovic rất được kỳ vọng ở Barca, thậm chí khiến chủ sân Camp Nou phải bỏ ra 54 triệu USD kèm theo Samuel Eto\'o cho Inter. Nhưng anh chỉ được chơi thường xuyên trong nửa đầu mùa giải rồi mất suất đá chính vào Lionel Messi. Hè năm sau, anh trở lại Italy khoác áo AC Milan\r\n\r\nTrái lại, Mourinho làm nên lịch sử, khi cùng Inter giành cú ăn ba, gồm Serie A, Cup Italy và Champions League. Đấy là lần đầu tiên và duy nhất cho đến nay có một đội bóng Italy cùng lúc vô địch ba đấu trường lớn.\r\n\r\nMourinho và Ibrahimovic một lần nữa tái hợp ở Man Utd, khi cùng chuyển đến sân Old Trafford hè 2016. \"Mourinho là HLV hàng đầu. Ông ấy biết phải làm gì để chiến thắng\", Ibrahimovic nói với Daily Star khi đó, và tiết lộ lý do theo chân ông thầy Bồ Đào Nha tới Man Utd. \"Tôi học được nhiều điều từ Mourinho tại Inter. Có cầu thủ nào lại không muốn có Mourinho làm HLV chứ?\".\r\n\r\nHọ trải qua mùa giải đầu tiên mỹ mãn, với ba danh hiệu là Siêu cup Anh, Cup Liên đoàn và Europa League. Ibrahimovic là chân sút số một của Man Utd với 28 bàn trên mọi đấu trường, gồm 17 bàn tại Ngoại hạng Anh, 5 tại Europa League, 4 tại Cup Liên đoàn, một tại Siêu Cup Anh và một tại Cup FA.\r\n\r\nTuy nhiên, chấn thương đầu gối nặng khiến Ibrahimovic không thể cống hiến nhiều cho Man Utd mùa kế tiếp. Tháng 3/2018, anh nói lời chia tay để chuyển sang giải MLS khoác áo LA Galaxy. Cuối năm đó, Mourinho bị Man Utd sa thải vì rạn nứt với Phó chủ tịch Ed Woodward và nhiều cầu thủ, cùng thành tích sa sút. Kể từ khi ông rời đi, Man Utd chưa đoạt danh hiệu nào.\r\n\r\nMourinho và Ibrahimovic sẽ tái ngộ lần đầu từ năm 2017, nhưng với tư cách là đối thủ, khi Roma tiếp Milan ở vòng 11 Serie A tối 31/10. Màn đối đầu tại Olimpico có ảnh hưởng lớn tới cuộc đua đoạt Scudetto, khi Milan đang đứng thứ hai với 28 điểm, bằng Napoli, và hơn chín điểm so với đội đứng thứ tư Roma.\r\n\r\n\"Giữa Mourinho và Ibrahimovic là sự tôn trọng lớn, những kỷ niệm đẹp cùng những vinh quang\", tờ Football Italy bình luận. \"Nhưng điều đó sẽ tạm thời bị chôn lấp trong 90 phút trên sân Olimpico vào Chủ nhật, khi hai nhà vô địch, với hai cá tính lớn đụng độ nhau ở thủ đô Italy\".\r\n', 4, 2, 7, 1, 15),
(107, 'Thủ tướng Nhật thắng lớn trong bầu cử quốc hội', '2021-11-01', 'Đảng LDP của Thủ tướng Kishida giành chiến thắng trong cuộc bầu cử Hạ viện, giúp củng cố vị thế cầm ', '107_1.jpg', 'Thủ tướng Kishida họp báo tại trụ sở LDP hôm 1/11. Ảnh: AFP.\r\n\r\nNhiều nhà quan sát từng cảnh báo Kishida có thể trở thành một trong những thủ tướng tại vị ngắn nhất Nhật Bản nếu LDP thất bại trong cuộc bầu cử, nhưng ông đã vượt qua được dự báo ảm đạm này và củng cố vị thế để có thể thông qua nhiều chính sách trước cuộc bầu cử Thượng viện vào năm sau.\r\n\r\nTrong cuộc họp báo hôm nay, Thủ tướng Kishida cam kết sẽ \"nhanh chóng thực thi những chính sách phản ánh tiếng nói của người dân cả nước\". Ông trước đó tuyên bố sẽ soạn thảo \"gói kích thích kinh tế mới trị giá hàng chục nghìn tỷ yen\" nhằm giảm nhẹ thiệt hại kinh tế do đại dịch Covid-19, nhưng chưa có nhiều thông tin cụ thể về quy mô và phương án giải ngân.\r\n\r\nKishida, 64 tuổi, giữ chức ngoại trưởng Nhật Bản giai đoạn 2012-2017, dưới thời cựu thủ tướng Shinzo Abe. Trong giai đoạn tranh cử, ông cam kết chi mạnh tay cho các biện pháp kích thích kinh tế thời Covid-19, cũng như giải quyết bất bình đẳng thu nhập.\r\n\r\nÔng từng đàm phán nhiều hiệp định với Nga và Hàn Quốc, những nước được cho là có quan hệ không nồng ấm với Nhật Bản. Kishida năm 2016 góp phần thúc đẩy chuyến thăm lịch sử của cựu tổng thống Mỹ Barack Obama đến Hiroshima.', 8, 0, 4, 1, 10),
(108, 'Elon Musk đòi bằng chứng 6 tỷ USD giải quyết nạn đ', '2021-11-02', 'Tỷ phú Elon Musk khẳng định sẽ lập tức chi tiền nếu WFP chứng minh được 6 tỷ USD giải quyết được nạn', '108_1.jpg', '\"Nếu Chương trình Lương thực Thế giới (WFP) có thể mô tả chính xác trên Twitter rằng 6 tỷ USD có thể giải quyết nạn đói trên toàn cầu thế nào, tôi sẽ bán cổ phiếu Tesla ngay lập tức để làm điều đó\", Elon Musk đăng trên Twitter ngày 31/10, đồng thời yêu cầu WFP công khai và minh bạch báo cáo chi tiêu.\r\n\r\nMusk đăng đoạn tweet sau khi David Beasley, giám đốc WFP, ngày 26/10 kêu gọi các tỷ phú giàu nhất thế giới ủng hộ \"chỉ một lần\" để giải quyết nạn đói toàn cầu. \"6 tỷ USD để giúp 42 triệu người, họ sẽ chết nếu chúng ta không tiếp cận\".\r\n\r\nTheo Bloomberg, số tiền 6 tỷ USD chỉ là một phần nhỏ so với giá trị tài sản ròng 311 tỷ USD của Musk và chưa bằng khoản tăng tài sản 9,3 tỷ USD trong ngày 29/10. Viện Nghiên cứu Chính sách và Người Mỹ về Công bằng Thuế cho biết giá trị tài sản ròng của các tỷ phú Mỹ tăng gần gấp đôi kể từ khi đại dịch bắt đầu.\r\n\r\nElon Musk thăm công trường nhà máy của Tesla tại Grueheide, Đức ngày 17/5. Ảnh: Reuters.\r\n\r\nGiám đốc WFP nói rằng với hàng loạt khủng hoảng đồng thời xảy ra như Covid-19 và biến đổi khi hậu, nhiều quốc gia \"đang cận kề nạn đói\". Báo cáo công bố ngày 25/10 của WFP cho biết khoảng 22,8 triệu người Afghanistan, tương đương nửa dân số quốc gia Trung Á, đang đối mặt với khủng hoảng lương thực.\r\n\r\nLoạt báo cáo mới của chính quyền Tổng thống Joe Biden trình bày chi tiết về cách biến đổi khí hậu thúc đẩy di cư, đánh dấu lần đầu tiên Mỹ công nhận mối liên hệ giữa hai hiện tượng này. WFP từng cảnh báo về vấn đề trên, đặc biệt là làn sóng di cư từ Trung Mỹ.\r\n\r\nWFP và các tổ chức tương tự đang vật lộn tìm nguồn cung cho người có nhu cầu. \"Tôi không biết họ lấy lương thực ở đâu. Chúng tôi hết nhiên liệu, cạn tiền mặt, không trả nổi lương cho nhân viên và chẳng điều nổi một chiếc xe tải nào\", Beasley nói.', 8, 0, 4, 1, 10),
(109, '\'Vax\' được chọn là từ của năm.', '2021-11-04', 'Hãng từ điển tiếng Anh Oxford chọn \"vax\", viết tắt của \"vaccine\", là từ của năm 2021 khi tần suất sử', '109_1.jpg', 'Công ty xuất bản Từ điển Anh ngữ Oxford hôm 31/10 cho biết từ \"vax\" (viết tắt của vaccine) được sử dụng trong tháng 9 với tần suất gấp 72 lần so với cùng kỳ năm ngoái, khiến nó \"tự bơm mình vào dòng chảy Anh ngữ\" năm 2021 trong thời kỳ đại dịch Covid-19.\r\n\r\nTừ này, cùng với những từ khác liên quan tới tiêm chủng, đã được sử dụng rộng rãi trong nhiều bối cảnh khác nhau, như \"fully vaxxed\" (tiêm chủng đầy đủ) hay \"vax cards\" (thẻ chứng nhận tiêm chủng).\r\n\r\nMột người phụ nữ cầm biển kêu gọi mọi người hãy tiêm vaccine (vax up) tại thành phố New York, Mỹ, ngày 25/10. Ảnh: AFP\r\n\r\nOxford theo dõi tần suất sử dụng những từ mới nổi liên quan tới vaccine như \"phân phối vaccine\" hồi tháng 12/2020 tới \"triển khai vaccine\" và \"hộ chiếu vaccine\" đang trở nên phổ biến từ giữa tháng 3 năm nay. \"Vax\" cũng được sử dụng trong các từ mô tả người bài vaccine như \"anti-vax\" hay \"anti-vaxxers\".\r\n\r\nCông ty cho hay xu hướng này cũng xuất hiện trong một số ngôn ngữ khác. Từ \"vacina\" được sử dụng trong tiếng Bồ Đào Nha cao gấp 10 lần so với một thập kỷ trước, còn từ \"vaccin\" tiếng Pháp hiện gần như được dùng chỉ để đề cập tới tiêm chủng Covid-19.\r\n\r\nCasper Grathwohl, chủ tịch Oxford Languages, cho hay \"khi xem xét các bằng chứng về ngôn ngữ, từ \'vax\' nổi lên là một lựa chọn đương nhiên. Chúng tôi bị thu hút bởi việc tần suất sử dụng từ này đầu tiên. Sau đó, chúng tôi phân tích và tìm hiểu câu chuyện quanh nó, biết được làm thế nào mà \'vax\' trở thành từ của năm\".\r\n\r\nKhái niệm vaccine được sử dụng trong tiếng Anh từ cuối những năm 1970, vào lúc Edward Jenner phát hiện có thể dùng dịch chiết từ bệnh nhân nhiễm bệnh đậu mùa ở bò như một loại vaccine chống virus đậu mùa chết người.\r\n\r\nOxford đánh giá tần suất sử dụng từ này bằng cách xem xét nội dung tin tức thời sự khắp thế giới. Tiến sĩ Mercedes Durham, chuyên gia ngôn ngữ học xã hội học tại Đại học Cardiff, cho hay từ \"vax\" được chọn vì nó có khả năng thích ứng cao.\r\n\r\n\"Tôi cho rằng bản thân từ đó có hiệu ứng không kém gì meme. Với meme, bạn có thể chụp một bức ảnh rồi thêm hình vẽ, từ ngữ lên đó. Với \'vax\', bạn cũng có thể gắn với nó nhiều từ khác như \'hộ chiếu\', \'bài xích\', \'hai mũi\', mà bản thân nó là một từ ngắn nên có thể thêm nhiều thứ vào nó\", bà nói.\r\n\r\nDurham cho rằng không có gì đáng ngạc nhiên khi từ của năm 2021 liên quan tới tiêm chủng bởi nó \"mang tinh thần của thời đại và người ta đang dành nhiều thời gian hơn bao giờ hết để nghĩ tới vaccine\".', 8, 0, 4, 1, 7),
(110, 'Biden muộn họp báo G20 vì \'chuyện dài với thang má', '2021-11-12', 'Tổng thống Mỹ Joe Biden xin lỗi và giải thích ông tới trễ 20 phút tại cuộc họp báo sau hội nghị thượ', '110_1.jpg', '\"Xin lỗi vì đã để mọi người phải chờ. Chúng tôi có chút vấn đề với thang máy. Dù sao đó cũng là câu chuyện dài\", Tổng thống Mỹ Joe Biden cười và nói với các phỏng viên tại cuộc họp báo ở Rome hôm 31/10. Tuy nhiên, ông không giải thích rõ vấn đề gặp phải với thang máy là gì.\r\n\r\nTổng thống Mỹ Joe Biden phát biểu trong cuộc họp báo sau khi kết thúc hội nghị thượng đỉnh G20 tại Rome hôm 31/10. Ảnh: AFP.\r\n\r\nTheo thống kê từ Fox News, từ đầu tháng 6 đến giữa tháng 10, ông chủ Nhà Trắng trung bình trễ 22,4 phút trong các sự kiện. Trong cuộc họp báo hồi tháng 6 sau hội nghị thượng đỉnh NATO ở Brussels, Biden đã đến muộn hơn 2 tiếng so với lịch trình.\r\n\r\nBiden khi đó thừa nhận mình không đúng giờ, nhưng không nêu lý do. \"Các bạn, tôi biết về kế hoạch họp báo sau 21h30 và tôi lúc đó vẫn ở NATO\", ông nói với các phóng viên. \"Tôi biết rằng các bạn đều rất sốt ruột\".\r\n\r\nHồi tháng 8, khi chính trường Mỹ căng thẳng vì quyết định rút quân khỏi Afghanistan, Biden đến trễ trung bình 34 phút trong các sự kiện.\r\n\r\nNhà Trắng hiện chưa phản hồi thêm về thông tin Biden trễ họp báo sau hội nghị thượng đỉnh G20.\r\n\r\nSau khi kết thúc hai ngày họp với các lãnh đạo G20 ở Rome, Italy, Tổng thống Mỹ di chuyển tới Glasgow, Scotland, để dự hội nghị lần thứ 26 các bên tham gia công ước khung của Liên Hiệp Quốc về biến đổi khí hậu (COP26).\r\n\r\nTháp tùng ông trong chuyến công du nước ngoài lần này là Phó thư ký báo chí Nhà Trắng Karine Jean-Pierre, trong khi Thư ký Báo chí Nhà Trắng Jen Psaki đang cách ly vì nhiễm nCoV.', 8, 0, 4, 1, 10),
(111, 'Trung Quốc lộ thiết kế tiêm kích hình kim cương.', '2021-11-14', 'Mô hình tiêm kích không cánh đuôi, thiết kế hình kim cương, xuất hiện tại sân bay thử nghiệm của Tập', '111_1.jpg', 'Ảnh vệ tinh chụp sân bay thử nghiệm của Tập đoàn Máy bay Thành Đô của Trung Quốc ngày 29/10 cho thấy một khung thân máy bay có chiều dài sải cánh gần bằng tiêm kích tàng hình J-20, phần mũi nhỏ và hoàn toàn không có cánh đuôi.\r\n\r\nMô hình máy bay không cánh đuôi tại sân bay thử nghiệm của Tập đoàn Máy bay Thành Đô, Trung Quốc ngày 29/10. Ảnh: Planet Labs.\r\n\r\nBiên tập viên Tyler Rogoway của Drive nhận định khung thân của mẫu máy bay không đuôi này khá tương đồng thiết kế hình kim cương của mẫu X-44 MANTA do Lockheed Martin phát triển dựa trên tiêm kích tàng hình F-22.\r\n\r\nTuy nhiên, Lockheed Martin chỉ chế tạo một mô hình X-44 để làm cơ sở phát triển các mẫu máy bay dùng thiết kế cánh bay (flying wing) khác như RQ-170.\r\n\r\nPhác thảo máy bay không cánh đuôi X-44 MANTA. Đồ họa: Lockheed Martin.\r\n\r\nRogoway nhận định mẫu máy bay không cánh đuôi của Tập đoàn Máy bay Thành Đô có thể là máy bay không người lái vũ trang (UCAV) có hiệu suất cao và hỏa lực mạnh, thực hiện nhiệm vụ hỗ trợ tiêm kích J-20.\r\n\r\nMáy bay dùng thiết kế không cánh đuôi giúp giảm tiết diện radar từ bên cạnh và phía sau, nâng cao đáng kể năng lực tàng hình của nó. Thiết kế không cánh đuôi còn giúp giảm lực cản và tiết kiệm nhiên liệu, tăng uy lực của vũ khí.\r\n\r\nTuy nhiên, nhược điểm của thiết kế không cánh đuôi là phi công khó điều khiển hơn, đồng thời làm giảm khả năng cơ động của máy bay. Nhà sản xuất có thể lắp động cơ vector đẩy để khắc phục điểm yếu thiếu tính cơ động, song điều này phục thuộc rất nhiều vào công nghệ điều khiển kỹ thuật số và phần mềm nền tảng.\r\n\r\nẢnh vệ tinh chụp ngày 29/10 cũng cho thấy sân bay thử nghiệm của Tập đoàn Máy bay Thành Đô được nâng cấp và mở rộng đáng kể trong những năm qua, bao gồm một đường băng mới, khu trưng bày máy bay và các tòa nhà mới. Cơ sở này được mở rộng nhằm đáp ứng nhu cầu sử dụng tiêm kích ngày càng tăng của Trung Quốc.', 8, 0, 4, 1, 10),
(112, 'Mũ quan triều Nguyễn thắng đấu giá 600.000 euro', '2021-11-02', 'Mũ được giới thiệu là của quan triều Nguyễn đạt mức giá 600.000 euro (15,7 tỷ đồng) trong phiên đấu ', '112_1.jpg', 'Phiên đấu diễn ra dưới hình thức trực tiếp và online, hôm 28/10. Trên website của Balclis, thông tin vật phẩm được giới thiệu rất ngắn gọn: \"Mũ quan Việt Nam thời Nguyễn, cuối thế kỷ 19, đầu thế kỷ 20\". Mũ đi kèm hộp gỗ sơn son thếp vàng chạm trổ hoa văn, tình trạng khá mới, chỉ hư hỏng nhẹ.\r\n\r\nCổ vật được giới thiệu hôm 20/10, với giá khởi điểm 500 euro, tăng dần những ngày sau đó, đạt 70.000 euro khi bắt đầu phiên đấu ngày 28/10. Sau hơn 10 lần trả, một nhà sưu tập online ẩn danh mua được vật phẩm với giá 600.000 euro, bỏ xa các đồ cổ khác trong phiên đấu.\r\n\r\nChiếc mũ dành cho quan hàm nhất, nhị phẩm. Ảnh: Balclis\r\n\r\nTheo nhà nghiên cứu Trần Đình Sơn, chiếc mũ dành cho quan văn hàng nhất, nhị phẩm, được bảo quản tốt, có mẫu tương tự trưng bày ở Huế, TP HCM, Hà Nội, không quá khan hiếm. Trước năm 1945, nhiều gia đình quan lại thường chôn mũ cùng vị quan đã mất hoặc để thờ. Ông Sơn nói: \"Tôi bất ngờ vì mũ đạt giá kỷ lục. Ở trong nước, món tương tự chỉ có thể bán với giá khoảng 10.000 USD\". Nhà nghiên cứu thấy tiếc vì chiếc mũ không rõ lai lịch về vị quan sở hữu, bởi nếu có thêm thông tin rõ ràng, món đồ sẽ tăng giá trị văn hóa.\r\n\r\nCòn ông Vũ Kim Lộc - nghệ nhân phục chế mũ thời chúa Nguyễn - cho rằng không bất ngờ khi mũ quan triều Nguyễn thắng đấu giá cao ở nước ngoài. Theo ông Lộc, hiện vật mũ các quan triều Nguyễn trong nước giờ chỉ còn khoảng 5-7 chiếc, riêng mũ dành cho quan hàng nhất phẩm trở lên rất hiếm, vì vậy, giá trị cao là có thể hiểu được. Ông Lộc nói: \"Ngoài ra, tôi cho rằng mức độ uy tín của nhà đấu giá cũng rất quan trọng để tạo niềm tin cho người tham gia đấu giá. Nếu họ rao bán hàng giả thì tự hủy hoại danh tiếng thôi\".\r\n\r\nQua hình ảnh trên website của Balclis, ông Vũ Kim Lộc phân tích hộp đựng mũ bằng gỗ được sơn son thếp vàng có hoa văn tứ linh. Mũ là loại phốc tròn thuộc về Văn ban, thân mũ được kết bằng lông đuôi ngựa theo kiểu kết kép: dùng hai lông làm thành một dây để kết.\r\n\r\nĐối chiếu các trang sức của mũ được đấu giá với trang sức ở mũ hiện còn lưu giữ hình ảnh trong nước như: như mũ Đô Thống chế Lê Văn Phong, Thống chế Thoại Ngọc Hầu, Thiên Vương Thống chế, ông Lộc nói có nhiều điểm khác lạ như: Bác sơn thay vì diềm phía dưới là sóng nước để cùng với hình mây ở diềm trên tạo thành đề tài giao long chầu hoa cúc trong khung cảnh trời mây nước, nhưng ở mũ này lại được thay bằng hình cánh hoa. Còn hoa, vẫn là hoa cúc nhưng được cách điệu hơi khác so với hoa ở các mũ. Các mũ có các lớp cánh hoa nổi ở trên một nền dây lá, nhưng ở đây không có nền dây lá và thay vào đó là một vòng tròn và vòng tròn dây lá bao quanh.\r\n\r\nÔng Lộc cho rằng: \"Vấn đề dư trang sức trên mũ so với phẩm hàm không phải là hiếm mà là phổ biến do được đặc ân, như ở bản vẽ về mũ của Chánh Nhất phẩm của họa sĩ Tôn Thất Sa và cả ở mũ hiện tồn như mũ của Đô Thống chế Lê Văn Phong (hàm Tòng Nhất phẩm), mũ của Thống chế Thoại Ngọc Hầu (Chánh Nhị phẩm) cũng cho thấy điều này. Nhưng thường là dư một hoa ở trước mũ và một hoa sau mũ. Điều đáng nói ở đây là mũ dư hai giao long. Như vậy, cho thấy chủ nhân của chiếc mũ này được đặc ân không hề có từ trước đến nay\".\r\n\r\nHộp gỗ đi kèm mũ quan triều Nguyễn - hình ảnh được đăng tải trên trang web của nhà đấu giá Balclis. Ảnh: Balclis\r\n\r\nMột bộ lễ phục triều Nguyễn cũng được rao bán trong phiên đấu giá cùng ngày. Khởi điểm ở mức 800 euro, chiếc áo cuối cùng được bán với giá 35.000 euro (920 triệu đồng).\r\n\r\nBộ lễ phục triều Nguyễn thêu hình rồng. Ảnh: Balclis\r\n\r\nÔng Trần Đình Sơn nhận định các cổ vật Việt Nam được chú ý trên sàn đấu quốc tế trong khoảng 5 năm trở lại đây, do những người Việt giàu có ở nước ngoài góp phần quảng bá. Còn nhà sử học Dương Trung Quốc cho rằng việc cổ vật Việt được ưa chuộng ở nước ngoài chứng minh sức hút từ bề dày văn hóa, lịch sử của đất nước. Tuy nhiên, ông nhận định sự kiện gióng lên hồi chuông cảnh tỉnh về việc các vật phẩm bị thất thoát, lưu lạc ở nước ngoài. Ông cho biết nhiều Việt kiều từng đau đáu vấn đề này nhưng chưa tìm ra giải pháp.\r\n\r\nÔng Trung Quốc nói: \"Do chiến tranh, thiên tai, nhiều hiện vật có giá trị rơi vào tay các nhà sưu tập phương Tây, trong khi số lượng di sản trong nước lại hiếm hoi. Tôi nghĩ trước hết, Nhà nước nên tiến hành điều tra khối lượng này ở các nước như Mỹ, Pháp, Tây Ban Nha, tiến hành đòi lại thông qua con đường ngoại giao hoặc nhờ luật pháp quốc tế can thiệp. Cổ vật không chỉ có giá trị tiền bạc mà quan trọng hơn, đó là giá trị văn hóa. Đó là nguồn tư liệu quý cho thế hệ sau, có thể tham khảo để phục chế, làm phim\".\r\n\r\nNhiều cổ vật Việt Nam từng được rao bán ở các nước phương Tây. Hồi tháng 7, kiếm của vua Thành Thái được đấu giá ở Mỹ với mức khởi điểm là 5.000 USD. Năm 2001, eBay tổ chức đấu giá những cổ vật tìm thấy trên con tàu đắm ở vùng Cù Lao Chàm (Quảng Nam - Đà Nẵng).\r\n\r\nNhà đấu giá Balclis được Antonio Climent Benaiges và Juan Baldrich - hai người khai phá thị trường buôn bán đồ cổ ở Tây Ban Nha - thành lập năm 1979. Họ kết hợp đấu giá trực tiếp và online để kết nối những người mua trên toàn thế giới. Qua 42 năm, Balclis thu hút hơn 330.000 khách hàng, tám triệu lượt trả giá.', 2, 0, 2, 1, 10),
(113, '17 tỉnh thành mở lại xe khách với TP HCM', '2021-11-02', '17 địa phương khu vực miền Tây, Đông Nam Bộ, Tây Nguyên, miền Trung... đã mở lại ôtô khách qua các b', '113_1.jpg', 'Hôm nay, tỉnh Tây Ninh mở lại vận tải hành khách tuyến cố định qua TP HCM. Các xe tạm thời được tỉnh sắp xếp qua bến xe ở huyện Hòa Thành, do Bến xe khách Tây Ninh đang bị phong tỏa phục vụ công tác truy vết, phòng chống Covid-19. Cùng với Tây Ninh, trước đó 16 tỉnh thành khác đã mở lại xe khách tuyến cố định qua 2 bến xe liên tỉnh lớn nhất TP HCM là Miền Đông (quận Bình Thạnh) và Miền Tây (quận Bình Tân).\r\n\r\nXe khách đậu tại Bến xe Miền Đông (quận Bình Thạnh) hôm 21/10. Ảnh: Gia Minh.\r\n\r\nTại Bến xe Miền Đông, hiện hơn 50 tuyến xe khách được hoạt động, kết nối qua 10 tỉnh gồm: Bình Định, Khánh Hoà, Quảng Ngãi, Phú Yên, Bình Dương, Đăk Nông, Đồng Nai, Bà Rịa - Vũng Tàu, Thừa Thiên Huế và Cà Mau. Trước đó hôm 13/10 khi bắt đầu mở lại xe khách liên tỉnh, tại Bến xe Miền Đông còn có xe đi Đăk Lăk. Tuy nhiên, các tuyến bị dừng sau đó 2 ngày do một xe chạy từ TP HCM về đón 18 khách dọc đường và phát hiện 3 người mắc Covid-19.\r\n\r\nỞ Bến xe Miền Tây, Phó giám đốc bến Trần Văn Phương cho biết hiện 8 tỉnh thành thuộc khu vực Đồng bằng sông Cửu Long, Nam Trung Bộ, Đông Nam Bộ đã mở lại xe khách qua thành phố như Vĩnh Long, Bến Tre, Bạc Liêu, Khánh Hoà, An Giang... Tuy nhiên, lượng khách qua bến rất ít. Hôm qua, bến có tổng cộng 52 chuyến xe đi và đến, với 522 khách, gồm 344 khách đến, 178 người đi.\r\n\r\nThống kê của Sở Giao thông Vận tải TP HCM từ ngày 13 đến 27/10, tổng lượt khách liên tỉnh thông qua các bến xe trên địa bàn đạt gần 9.800 khách, với khoảng 2.000 lượt xe phục vụ (bình quân mỗi xe chở 5 khách). Trong đó, khách theo chiều từ TP HCM đi các tỉnh thành nhiều hơn ngược lại, với khoảng 6.500 người trên 889 xe. Trong khi trên các chuyến xe đến TP HCM chỉ gần 3.300 khách, với hơn 1.000 xe phục vụ. Lượng khách như trên giảm 99% so với cùng kỳ năm ngoái và ngày thường trước lúc dịch bùng phát.\r\n\r\nLý giải lượng khách ít, một số nhà xe hoạt động ở các bến cho rằng ngoài việc nhiều tỉnh thành chưa mở lại xe khách qua thành phố - nơi có nhu cầu đi lại cao, số chuyến và công suất khai thác các xe cũng đang hạn chế... Ngoài ra, quy định phòng dịch ở nhiều địa phương đang khác nhau, với các yêu cầu chặt chẽ người về từ TP HCM do cấp độ dịch cao hơn.\r\n\r\nTrong đó, một số tỉnh đang kiểm soát chặt người về từ các vùng nguy cơ dịch cao như phải xuất trình kết quả xét nghiệm âm tính nCoV hiệu lực 72 giờ. Người tiêm đủ liều vaccine hoặc đã khỏi Covid-19 khi về địa phương phải cách ly tại nhà 7 ngày; người chưa tiêm hoặc chỉ tiêm một mũi phải cách ly tập trung... Các quy định này khiến nhiều hành khách dè dặt trong kế hoạch đi lại.\r\n\r\nNhân viên chuyển xe máy khách thuê vận chuyển tại Bến xe Miền Đông, hôm 21/10. Ảnh: Gia Minh\r\n\r\nHiện, ngoài các tuyến xe khách chạy dịch vụ, từ hôm 17/10, TP HCM tổ chức các chuyến xe miễn phí đưa đón người dân, đến nay đã phục vụ hơn 3.300 khách với gần 300 chuyến xe.\r\n\r\nTrước đó hôm 13/10, xe khách liên tỉnh được thí điểm hoạt động trở lại đến 20/10. Khi hết thời hạn này, Bộ Giao thông Vận tải đề nghị UBND các tỉnh thành tiếp tục duy trì xe khách liên tỉnh tuyến cố định và cho mở thêm các tuyến khác phù hợp với cấp độ dịch từng địa bàn. Bộ cũng đề nghị các địa phương công bố cấp độ dịch và biện pháp tương ứng, để thuận lợi hơn cho việc tổ chức hoạt động của các loại hình vận tải...\r\n\r\nHiện, giữa các địa bàn vùng dịch ở cấp độ 1, 2 (nguy cư thấp và trung bình), xe khách liên tỉnh hoạt động bình thường. Những nơi vùng dịch ở cấp độ 3 (nguy cơ cao), số xe hoạt động không vượt quá 50%, không vượt 50% số chuyến với vận tải liên tỉnh và có giãn cách chỗ ngồi. Địa bàn có dịch ở cấp 4 (nguy cơ rất cao) tiếp tục dừng toàn bộ vận tải hành khách, trừ trường hợp đặc biệt.', 7, 0, 2, 1, 6),
(114, 'Nhiều tài khoản ngân hàng bỗng dưng \'bốc hơi\' hàng', '2021-10-27', 'Dù khẳng định không thực hiện giao dịch, nhiều khách hàng dùng thẻ ghi nợ quốc tế của Techcombank bị', '114_1.jpg', 'Nguyễn Phương Minh, chủ thẻ visa debit (thẻ ghi nợ quốc tế) của Ngân hàng Kỹ thương Việt Nam (Techcombank) cho biết, ngày 6/10, cô nhận được một loạt tin nhắn thông báo trừ tiền từ ngân hàng. Chỉ trong vài phút, tài khoản của Minh đã bị trừ hơn 21 triệu đồng.\r\n\r\nNhận thấy bất thường, Minh ngay lập tức đăng nhập ứng dụng ngân hàng chuyển số tiền còn lại sang ngân hàng khác. \"Tiền bị trừ nhanh lắm, may là tôi đang ngồi máy nên vẫn kịp chuyển phần còn lại sang ngân hàng khác, nếu không cũng mất hết\", Minh nói.\r\n\r\nNội dung cho những phần giao dịch trừ tiền được báo về là \"Giao dịch qua POS số thẻ xxx... tại ZaloPay...\" hoặc \"Giao dịch qua POS số thẻ xxx... tại SenPay...\" Tuy nhiên, Minh cũng cho biết chưa hề đăng ký hay sử dụng dịch vụ tại các ví điện tử này.\r\n\r\nMinh khẳng định không cho bất kỳ ai mượn thẻ hay click vào đường link lạ cũng như cung cấp thông tin thẻ cho ai khác. Sau vài ngày liên hệ và tới trực tiếp ngân hàng, Minh được nhân viên nhà băng lập biên bản trình bày vụ việc và thông báo chờ ngân hàng tra soát.\r\n\r\nMột loạt tin nhắn trừ tiền của Minh trong 5 phút. Ảnh: NVCC\r\n\r\nMột khách hàng khác tại Đà Nẵng ngày 22/10 cũng bị trừ tiền từ thẻ tín dụng Techcombank với hai giao dịch tổng 20 triệu đồng, chỉ trong 2 giây.\r\n\r\nHai giao dịch trừ tiền liên tiếp với nội dung \"Giao dịch thanh toán tại ZaloPay\". Người này cho biết từng dùng ZaloPay và liên kết với thẻ ngân hàng, giao dịch thực hiện gần nhất cách đây khoảng 4 tháng.\r\n\r\nVì biết dùng thẻ tín dụng rủi ro nên cô thường xuyên khóa tính năng thanh toán online 24/24 nhưng đúng vào hôm mất tiền, do vội mua đồ ăn chưa kịp khóa thẻ, sau đó chẳng may bị hack tiền.\r\n\r\nKhách hàng này liên hệ với nhân viên ngân hàng và nhận được thông báo tư vấn viên đã gửi yêu cầu tra soát. Việc tra soát cụ thể cần chờ Hội sở và họ sẽ trả lời trong 45 ngày. \"Nếu ngân hàng không xử lý kịp trong 45 ngày thì khoản nợ thẻ tín dụng này trở nên quá hạn. Tôi thực sự căng thẳng khi đang khó khăn vì dịch bỗng dưng lại rơi một khoản nợ vào đầu\", cô nói.\r\n\r\nTương tự, vào ngày 4/10, một khách hàng khác dùng thẻ ghi nợ quốc tế của Techcombank là Vy Nhật cũng bị trừ gần 10 triệu đồng.\r\n\r\nNgay lập tức, Vy Nhật đã gọi lên tổng đài và nhận được thông báo chờ 45 ngày tra soát. Lo lắng vì chưa có hướng xử lý cụ thể, Nhật gửi email lên trung tâm chăm sóc khách hàng của nhà băng này nhưng vẫn chưa nhận được phản hồi. Cô cũng cho biết đã dùng thẻ của ngân hàng hơn 3 năm, chủ yếu dùng để chuyển khoản, thanh toán online và chưa cho ai mượn thẻ.\r\n\r\nNhững khách hàng này phần lớn dùng thẻ ghi nợ quốc tế, chưa sử dụng dịch vụ của ví điện tử được đề cập trong tin nhắn trừ tiền và đều khẳng định không nhận được bất kỳ tin nhắn OTP nào để liên kết thẻ với ví, hay thực hiện giao dịch.\r\n\r\n\"Tôi mong ngân hàng có thông báo chính thức để khách hàng an tâm, cũng như kịp thời đưa ra hướng xử lý thoả đáng\", Minh nói.\r\n\r\nPhía Techcombank cho biết do vụ việc liên quan đến dịch vụ thẻ quốc tế nên việc tra soát dù đang được đẩy nhanh nhưng cũng mất khá nhiều thời gian. Ngân hàng cũng cho rằng \"không có tình trạng giao dịch bị hack\" nhưng không cung cấp chi tiết cơ sở cho khẳng định này.\r\n\r\nTuy nhiên, ngân hàng này cũng cho biết sẽ bảo vệ quyền lợi hợp pháp của khách hàng. Sau khi làm rõ được vấn đề, khách hàng bị trừ tiền oan chắc chắn sẽ được hoàn lại tiền.\r\n\r\nĐối với các yêu cầu tra soát từ khách hàng, Techcombank cho biết sẽ phối hợp cùng Tổ chức thẻ quốc tế Visa để rà soát và xác thực thông tin nhanh nhất với thời gian tối đa theo quy định là 45 ngày.\r\n\r\nLâu nay, cũng có một số trường hợp chủ tài khoản của các ngân hàng dù không thực hiện giao dịch nhưng vẫn bị trừ tiền, phổ biến nhất là các giao dịch trừ tiền quốc tế hoặc dịch vụ của Google, Apple... Phần lớn sau tra soát, chủ thẻ cũng được hoàn tiền nếu không thực hiện giao dịch.\r\n\r\n*Tên nhân vật được thay đổi hoặc giấu theo yêu cầu\r\n\r\nQuỳnh Trang', 5, 0, 2, 1, 10),
(115, 'Con trai \'Bầu Hiển\' làm Phó tổng giám đốc SHB', '2021-10-30', 'Ông Đỗ Quang Vinh, Phó giám đốc Khối ngân hàng bán lẻ SHB, vừa được bổ nhiệm vào vị trí Phó tổng giá', '115_1.jpg', 'Ông Đỗ Quang Hiển trao quyết định bổ nhiệm cho ông Đỗ Quang Vinh ngày 30/10. Ảnh: SHB\r\n\r\nÔng Đỗ Quang Vinh là con trai của ông Đỗ Quang Hiển, Chủ tịch Hội đồng quản trị Ngân hàng Sài Gòn - Hà Nội (SHB). Quyết định bổ nhiệm có hiệu lực từ ngày 30/10. Trước khi nhận nhiệm vụ mới, ông Vinh giữ chức Giám đốc Khối ngân hàng số, Phó giám đốc Khối ngân hàng bán lẻ SHB.\r\n\r\nÔng Vinh có bằng thạc sỹ tài chính và quản trị tại University of East Anglia (Anh). Trở thành Phó tổng giám đốc trẻ tuổi nhất SHB, ông Vinh được SHB đánh giá là \"một trong những làn gió mới\", giữ vai trò quan trọng trong nhiều dự án chuyển đổi số và hiện đại hóa của ngân hàng.\r\n\r\nTrước đó, ông Vinh từng giữ chức Chủ tịch Hội đồng thành viên SHB Finance. Trước khi trở thành Phó tổng giám đốc SHB, Hội đồng thành viên SHB Finance đã miễn nhiệm chức danh Chủ tịch và bổ nhiệm chức danh Phó chủ tịch thường trực đối với ông.\r\n\r\nÔng Vinh là Phó tổng giám đốc thứ 7 của SHB. Nhà băng này hiện vẫn khuyết vị trí Tổng giám đốc sau khi ông Nguyễn Văn Lê từ nhiệm từ đầu tháng 8. Phó chủ tịch Hội đồng quản trị Võ Đức Tiến kiêm nhiệm phụ trách điều hành SHB trong thời gian nhà băng này tuyển tổng giám đốc mới.\r\n\r\nMinh Sơn', 5, 0, 2, 1, 10);
INSERT INTO `baiviet` (`ID_BaiViet`, `TieuDe`, `NgayDang`, `GioiThieu`, `AnhDaiDien`, `NoiDung`, `ID_TheLoai`, `ID_CTTheLoai`, `ID_LoaiTin`, `ID_TaiKhoan`, `SoLuotThich`) VALUES
(116, 'Ngân hàng Nhà nước sẽ nghiên cứu tiền kỹ thuật số ', '2021-10-29', 'Ngân hàng Nhà nước được Thủ tướng chỉ đạo chủ trì nghiên cứu, đề xuất cơ chế tiền kỹ thuật số quốc g', 'không có', 'Chính phủ vừa ban hành Quyết định 1813 về Đề án phát triển thanh toán không dùng tiền mặt tại Việt Nam giai đoạn 2021-2025. Một trong những nội dung về hành lang pháp lý và cơ chế chính sách cần hoàn thiện là nghiên cứu, đề xuất cơ chế, chính sách về tiền kỹ thuật số quốc gia.\r\n\r\nViệt Nam hiện nay chưa có khái niệm chính thức về \"tiền kỹ thuật số quốc gia\", tuy nhiên, nhiều quốc gia đã nghiên cứu và một số đang thử nghiệm phiên bản tiền điện tử của tiền pháp định, do ngân hàng trung ương phát hành.\r\n\r\nTrong đó, Trung Quốc là nước thể hiện tham vọng hàng đầu trong trong cuộc đua tiền kỹ thuật số của các ngân hàng trung ương. Nước này đã thử nghiệm tiền kỹ thuật số nhân dân tệ ở một số thành phố lớn như Bắc Kinh và Thâm Quyến. Đồng tiền này hiện được sử dụng để mua vé tàu điện ngầm, mua sắm trực tuyến tại nhiều nhà cung cấp ở Trung Quốc. Tại Thế vận hội mùa Đông Bắc Kinh sắp tới, Trung Quốc dự kiến cho phép người nước ngoài mở ví kỹ thuật số và tham gia thử nghiệm.\r\n\r\nTại Đề án Phát triển thanh toán không dùng tiền mặt, Ngân hàng Nhà nước cũng được giao trong năm 2022 phải hoàn thành cơ chế thử nghiệm có kiểm soát hoạt động công nghệ tài chính (Fintech) trong lĩnh vực ngân hàng. Điều này nhằm quản lý, thúc đẩy đổi mới sáng tạo và triển khai các mô hình hợp tác, kinh doanh mới trong cung ứng dịch vụ thanh toán.\r\n\r\nNgay trong năm nay, Thủ tướng giao Bộ Thông tin và Truyền thông chủ trì xây dựng quy định về định danh và xác thực điện tử, bảo vệ dữ liệu cá nhân. Bộ Công an có trách nhiệm quy định, hướng dẫn kết nối, chia sẻ, khai thác thông tin từ Cơ sở dữ liệu quốc gia về dân cư để phục vụ cho việc xác thực thông tin, nhận biết khách hàng bằng phương tiện điện tử.\r\n\r\nTrước đó vào cuối tháng 6, Thủ tướng cũng giao Ngân hàng Nhà nước \"nghiên cứu, xây dựng và thí điểm \"tiền ảo dựa trên công nghệ Blockchain\" từ năm 2021 đến 2023. Như vậy tới nay, Ngân hàng Nhà nước là đơn vị chủ trì nghiên cứu đồng thời \"tiền ảo dựa trên công nghệ Blockchain\" (thường được gọi là tiền mã hóa) và tiền kỹ thuật số quốc gia neo theo tiền đồng pháp định.\r\n\r\nVới việc phát triển thanh toán không dùng tiền mặt ở khu vực nông thôn, vùng sâu, vùng xa, Thủ tướng giao nghiên cứu, triển khai từng bước hoạt động đại lý thanh toán, cho phép các tổ chức không phải ngân hàng triển khai hoạt động đại lý thanh toán.\r\n\r\nThủ tướng cũng ủng hộ việc tận dụng hạ tầng, dữ liệu, mạng lưới viễn thông, giảm các chi phí để mở rộng kênh thanh toán không dùng tiền mặt trên thiết bị di động ở khu vực vùng sâu xùng xa, gắn với việc triển khai dùng tài khoản viễn thông thanh toán cho các hàng hóa, dịch vụ có giá trị nhỏ (Mobile - Money). Theo Thủ tướng, cần đánh giá và đề xuất xử lý phù hợp đối với dịch vụ Mobile - Money.\r\n\r\nNhiều nội dung khác được đề cập trong đề án nhằm mục tiêu tới cuối 2025, giá trị thanh toán không dùng tiền mặt gấp 25 lần GDP, thanh toán không dùng tiền mặt trong thương mại điện tử đạt 50%. Trong 5 năm tới, làm sao để 80% người dân từ 15 tuổi trở lên có tài khoản tại ngân hàng hoặc các tổ chức được phép. Tỷ lệ cá nhân, tổ chức sử dụng phương tiện thanh toán không dùng tiền mặt qua các kênh thanh toán điện tử đạt 40%...', 5, 0, 2, 1, 10),
(117, 'Kế hoạch tiêm mũi 3 vắc xin Covid-19', '2021-11-01', 'Để đảm bảo an toàn dịch tễ lâu dài, Bộ Y tế đã có văn bản đề nghị UBND các tỉnh, TP rà soát nhu cầu ', '117_1.jpg', 'Theo đó, để làm cơ sở cho việc phân bổ vắc xin trong tháng 10 - 12.2021 và xây dựng kế hoạch tiêm chủng năm 2022, Bộ Y tế đề nghị UBND các tỉnh, TP chỉ đạo các đơn vị liên quan căn cứ tình hình, kết quả triển khai tiêm chủng của địa phương và hướng dẫn về việc tiêm kết hợp vắc xin của Bộ Y tế để đề xuất nhu cầu sử dụng vắc xin trong tháng 10 - 12.2021 cho người từ 18 tuổi trở lên.\r\n\r\nBộ Y tế cũng đề nghị UBND các tỉnh, TP rà soát, thống kê số lượng trẻ em trên địa bàn theo các nhóm tuổi: 3 - 11 tuổi, 12 - 15 tuổi, 16 - 17 tuổi; và đề xuất nhu cầu sử dụng vắc xin cho những nhóm tuổi này; xây dựng kế hoạch sử dụng vắc xin năm 2022 cho trẻ từ 3 tuổi trở lên và người lớn, trong đó bao gồm việc tiêm nhắc lại mũi 3, mũi 4 cho người đã tiêm đủ liều (2 liều).\r\n\r\nẢnh 1.\r\n\r\nTiếp tục bao phủ mũi 1, mũi 2\r\nNgày 31.10, thông tin từ Bộ Y tế cho hay, Việt Nam đã có hơn 107 triệu liều vắc xin Covid-19 (kể từ tháng 2.2021 đến nay - PV). Cơ quan chuyên môn của Bộ Y tế đã phân bổ 75 đợt vắc xin với tổng số gần 105 triệu liều.\r\n\r\nĐến trưa 31.10, cả nước đã tiêm được 81,5 triệu liều: có 32,8 triệu người tiêm 1 liều vắc xin và hơn 24 triệu người tiêm đủ 2 liều vắc xin. Tỷ lệ tiêm ít nhất 1 liều vắc xin là 78,5% và tỷ lệ tiêm đủ 2 liều vắc xin là hơn 33,1% dân số từ 18 tuổi trở lên.\r\n\r\nTheo đánh giá của Bộ Y tế, nhìn chung tình hình dịch được kiểm soát trên toàn quốc. Tại TP.HCM, Bình Dương, Đồng Nai, Long An, số ca nhiễm mới và tử vong đã giảm rõ rệt. Tuy nhiên, Bộ Y tế cũng lưu ý trong tuần qua, số ca mắc mới ghi nhận hằng ngày có xu hướng tăng lên. Nhiều địa phương tiếp tục ghi nhận ca mắc trong cộng đồng và đã triển khai nhiều phương án để nhanh chóng kiểm soát dịch như: Hà Giang, Bạc Liêu, Cần Thơ... Tình hình dịch bệnh trong nước vẫn còn nguy cơ diễn biến khó lường, dịch bệnh gia tăng và bùng phát trở lại có thể xảy ra ở bất cứ đâu, bất kỳ khi nào, nhất là tại các địa phương có tỷ lệ tiêm chủng thấp và giao lưu lớn.\r\n\r\nBộ Y tế đề nghị các địa phương tiếp tục đẩy nhanh tốc độ tiêm chủng bao phủ vắc xin phòng Covid-19 đảm bảo an toàn, hiệu quả; yêu cầu các cơ sở tiêm chủng sử dụng ứng dụng nền tảng Sổ sức khỏe điện tử để quản lý và theo dõi tiến độ tiêm chủng; cập nhật, hoàn thiện ứng dụng PC-Covid, bảo đảm an toàn, an ninh thông tin của người dân.\r\n\r\nTrước đó, cuối tuần qua, thông tin với các cơ quan báo chí, TS Nguyễn Thị Liên Hương, Cục trưởng Cục Quản lý môi trường y tế (Bộ Y tế), cho hay các địa phương cần đạt độ bao phủ vắc xin theo lộ trình với người từ 50 tuổi (theo hướng dẫn về chuyên môn tại Quyết định 4800 ngày 14.10 của Bộ Y tế - PV). Theo TS Hương, tỷ lệ tiêm chủng bao phủ người 50 tuổi là yếu tố quan trọng để giảm tử vong trong dịch, nếu không đạt tỷ lệ này theo lộ trình thì phải nâng cấp độ dịch. Và khi nâng cấp độ dịch, chính quyền địa phương phải báo trước 48 giờ để người dân, doanh nghiệp có phương án ứng phó chuyển đổi với biện pháp chống dịch cấp độ cao hơn.\r\n\r\nẢnh: Tiêm vắc xin Covid-19 cho bác sĩ tại Bệnh viện Bệnh nhiệt đới TP.HCM, tháng 3.2021\r\n\r\nTiêm mũi 3 giúp củng cố miễn dịch.\r\n\r\nTại hội nghị sơ kết công tác phòng chống dịch Covid-19 đợt 4 vào chiều 30.10, TS-BS Nguyễn Văn Vĩnh Châu, Phó giám đốc Sở Y tế TP.HCM, cho biết TP.HCM cơ bản kiểm soát dịch bệnh và chuyển sang giai đoạn thích ứng an toàn kiểm soát dịch bệnh Covid-19.\r\n\r\nĐánh giá cấp độ dịch thì TP.HCM cấp độ 2, một số quận, huyện đạt cấp độ 1. Tính riêng về số ca mắc mới trên 100.000 dân/tuần thì TP.HCM vẫn đang cấp độ 3, nhưng do tỷ lệ tiêm vắc xin cao và một số tiêu chí khác, thì TP.HCM được giảm 1 cấp độ. Do đó cần liên tục theo dõi, giám sát quản lý F0, kịp thời không để ca bệnh tăng cao, hạn chế chuyển nặng và tử vong.\r\n\r\nTheo TS-BS Vĩnh Châu, TP.HCM đã có đề xuất tiêm mũi 3 vắc xin Covid-19 cho tuyến đầu chống dịch và nhóm nguy cơ cao trong tháng 11 và 12, nhưng điều này phải được UBND TP.HCM và Bộ Y tế đồng ý, thì mới công bố kế hoạch cụ thể.\r\n\r\nTheo chuyên gia của chương trình Tiêm chủng mở rộng quốc gia, hiện Tổ chức Y tế thế giới chưa khuyến cáo tiêm mũi 3 vắc xin Covid-19, dù thực tế một số nước đã tiêm.\r\n\r\n“Về nguyên tắc, đúng là tiêm vắc xin mũi 3 giúp củng cố hệ miễn dịch tăng khả năng phòng bệnh. Tuy nhiên, trong nước, việc này cần được cân nhắc thêm, vì phụ thuộc vào nguồn vắc xin tiếp cận và mức độ bao phủ vắc xin chung tại các địa phương”, chuyên gia này nhận định và cho rằng trong đợt dịch thứ 4, chúng ta ưu tiên vắc xin cho TP.HCM và một số tỉnh thành có dịch bùng phát, hiện TP.HCM là một trong các địa phương đã có tỷ lệ bao phủ cao, trong khi còn khá nhiều tỉnh thành tỷ lệ bao phủ thấp hơn cần tăng độ bao phủ.\r\n\r\n“Các địa phương nếu huy động được nguồn vắc xin có thể cân nhắc việc tiêm mũi 3 và lựa chọn các đối tượng ưu tiên tiêm trước”, chuyên gia này nêu ý kiến.\r\n\r\nẢnh 3\r\n\r\nẢnh 4\r\n\r\nChia sẻ với đề xuất của TP.HCM về tiêm mũi 3 vắc xin Covid-19, TS Nguyễn Huy Nga, nguyên Cục trưởng Cục Y tế dự phòng, Bộ Y tế, cho rằng: “Gần đây ghi nhận nhiều nhân viên y tế nhiễm Covid-19 tiếp. Do đó, nên tiêm nhắc lại mũi 3 cho nhóm này”.\r\n\r\n\r\n', 7, 0, 3, 1, 10),
(118, 'Đường sắt tốc độ cao Bắc Nam dự kiến khởi công năm', '2021-11-06', 'Bộ Giao thông Vận tải dự kiến giải phóng mặt bằng, lập thiết kế tuyến đường sắt tốc độ cao Bắc Nam t', '118_1.jpg', 'Chiều 1/11, tại hội nghị công bố Quy hoạch đường sắt thời kỳ 2021-2030, tầm nhìn đến 2050, Bộ trưởng Giao thông Vận tải Nguyễn Văn Thể cho biết, Chính phủ sẽ xin ý kiến Bộ Chính trị, báo cáo Quốc hội thông qua chủ trương đầu tư dự án đường sắt tốc độ cao trong nhiệm kỳ 2021-2026. Sau đó, Bộ sẽ lập báo cáo khả thi, duyệt thiết kế, giải phóng mặt bằng, đến năm 2028-2029 sẽ khởi công một số gói thầu trong 2 đoạn Hà Nội - Vinh, TP HCM - Nha Trang.\r\n\r\nBộ trưởng Thể nhấn mạnh, đường sắt Bắc Nam là tuyến quan trọng nhất vận chuyển hành khách và hàng hóa, trong đó có tuyến tốc độ cao trong giai đoạn tới. Địa phương có đường sắt đi qua có thể hình thành khu đô thị mới xung quanh ga mới nên cần đồng hành với Bộ Giao thông Vận tải điều chỉnh quy hoạch cục bộ để phát triển đô thị, khai thác đồng bộ với tuyến đường sắt tốc độ cao, hỗ trợ Bộ trong công tác giải phóng mặt bằng, tái định cư.\r\n\r\nSau khi có đường sắt tốc độ cao chở hành khách, tuyến đường sắt cũ khổ 1.000 m hiện sẽ đảm nhiệm vận tải hàng hóa. Bộ Giao thông Vận tải đã lập quy hoạch nhiều tuyến đường sắt kết nối với cảng biển.\r\n\r\nTheo ông Lê Đỗ Mười, Viện trưởng Chiến lược và Phát triển Giao thông Vận tải - đơn vị tư vấn xây dựng quy hoạch, đường sắt tốc độ cao Bắc Nam dài 1.545 km, đường đôi khổ 1.435 mm, tốc độ thiết kế 350 km/h, tốc độ khai thác lớn nhất đến 320 km/h. Giai đoạn một trước năm 2030 sẽ xây dựng hai đoạn Hà Nội - Vinh và TP HCM - Nha Trang, tổng mức đầu tư khoảng 112.000 tỷ đồng.\r\n\r\nBộ Giao thông Vận tải đề xuất tàu tốc độ cao Bắc Nam sử dụng công nghệ động lực phân tán giống tàu Shinkanshen ở Nhật Bản. Ảnh: Anh Duy\r\n\r\nNgoài 7 tuyến hiện có dài khoảng 2.440 km thì mạng lưới đường sắt quốc gia đến năm 2030 có thêm 9 tuyến mới, tổng chiều dài 2.362 km. Tổng đầu tư đến năm 2030 cần 240.000 tỷ đồng, được huy động từ vốn đầu tư công, vay ODA, xã hội hóa theo hình thức PPP.\r\n\r\nĐến năm 2050, quy hoạch xác định tuyến đường sắt tốc độ cao Bắc Nam sẽ hoàn thành cùng với các tuyến mới tại khu đầu mối Hà Nội, TP HCM, đường sắt kết nối cảng biển, khu công nghiệp, Tây Nguyên, đường ven biển, kết nối quốc tế. Mạng lưới đường sắt quốc gia đến năm 2050 gồm 25 tuyến, dài 6.354 km.\r\n\r\nTrong 9 tuyến đường sắt mới được quy hoạch đến 2030, lớn nhất là tuyến đường sắt tốc độ cao Bắc Nam từ ga Ngọc Hồi (Hà Nội) đến ga Thủ Thiêm (TP HCM) dài 1.545 km.\r\n\r\nPhía Bắc có 3 tuyến Yên Viên - Phả Lại - Hạ Long - Cái Lân từ ga Yên Viên Bắc đến ga Cái Lân dài 129 km; tuyến Hà Nội - Hải Phòng song song với cao tốc Hà Nội - Hải Phòng kết nối cảng biển cửa ngõ quốc tế Hải Phòng với các khu bến cảng Đình Vũ, Nam Đồ Sơn và Lạch Huyện, dài 102 km.\r\n\r\nVành đai phía Đông Hà Nội có tuyến đường sắt Ngọc Hồi - Lạc Đạo - Bắc Hồng dài 59 km; chuyển đoạn Ngọc Hồi - Yên Viên, Gia Lâm - Lạc Đạo thành đường sắt đô thị.\r\n\r\nMiền Trung có tuyến Vũng Áng - Tân Ấp - Mụ Giạ từ cảng Vũng Áng đến biên giới Việt Nam - Lào (đèo Mụ Giạ) dài 103 km.\r\n\r\nPhía Nam có 4 tuyến Biên Hòa - Vũng Tàu từ ga Trảng Bom đến ga Vũng Tàu dài 84 km; tuyến TP HCM - Cần Thơ từ ga An Bình đến ga Cái Răng dài 174 km; tuyến TP HCM - Lộc Ninh từ ga Dĩ An đến biên giới Việt Nam - Campuchia (cửa khẩu Hoa Lư) dài 128 km; tuyến Thủ Thiêm - Long Thành từ ga Thủ Thiêm đến sân bay quốc tế Long Thành chỉ phục vụ hành khách dài khoảng 38 km.\r\n\r\nĐoàn Loan', 8, 0, 3, 1, 4),
(119, '26 thỏa thuận hợp tác hàng tỷ USD giữa Việt Nam và', '2021-11-01', 'Nhiều thỏa thuận hợp tác của doanh nghiệp hàng đầu Việt Nam với đối tác Anh vừa được ký kết như Viet', '119_1.jpg', '26 thỏa thuận được ký kết với tổng trị giá hàng tỷ USD về thương mại, nông nghiệp, năng lượng, y tế, bảo vệ môi trường... giữa Việt Nam và Anh vừa được ký kết nhân chuyến tham dự Hội nghị COP26 và làm việc tại Anh của Thủ tướng Phạm Minh Chính.\r\n\r\nHãng Hàng không Vietjet và Tập đoàn Rolls-Royce ký kết thoả thuận cung cấp động cơ và dịch vụ động cơ cho đội tàu bay thân rộng với tổng giá trị 400 triệu USD. Ông Ewen McDonald, Giám đốc phụ trách khách hàng của Rolls-Royce Civil Aerospace, cho biết động cơ này có vòng đời tiêu thụ nhiên liệu thấp nhất và mang lại hiệu quả kinh tế cao nhất cho tàu bay.\r\n\r\nThủ tướng Phạm Minh Chính chứng kiến Lễ trao biên bản hợp tác giữa các doanh nghiệp Việt Nam và Anh, chiều 31/10 tại Anh. Ảnh: Lê Hiếu\r\n\r\nTập đoàn Sovico và Viện Đại học Oxford ký biên bản ghi nhớ hợp tác, tài trợ đầu tư phát triển nghiên cứu, giáo dục với tổng giá trị 155 triệu bảng Anh. Trong đó, Quỹ học bổng 7,5 triệu bảng Anh sẽ dành cho sinh viên Việt Nam và các nước trong khu vực. Viện Đại học Oxford cũng cam kết xây dựng và thực hiện chiến lược loại bỏ phát thải khí CO2 cho tập đoàn Sovico và các khách hàng, đối tác đến năm 2050.\r\n\r\nQuỹ Đầu tư Affinity và Ngân hàng HDBank ký kết tài trợ 300 triệu USD cho chương trình phát triển bền vững, chống biến đổi khí hậu.\r\n\r\nTập đoàn Giáo dục EMG Education ký kết biên bản ghi nhớ về hợp tác giáo dục toàn diện với Tập đoàn Giáo dục Pearson; Tập đoàn Vingroup và đại diện Công ty Raphael Labs (Anh) ký thỏa thuận về hợp tác phát triển đầu tư thử nghiệm và chuyển giao công nghệ sản xuất thuốc phòng Covid-19 và các bệnh đường hô hấp.\r\n\r\nTập đoàn T&T, đại diện Đại học Y Hà Nội và đại diện Tập đoàn Hipra (Tây Ban Nha) trao thỏa thuận về hợp tác xây dựng Trung tâm nghiên cứu vaccine tại Việt Nam và đào tạo nguồn nhân lực...\r\n\r\nTrong các thỏa thuận vừa được ký kết còn có ý định thư tham gia sáng kiến Liên minh giảm phát thải thông qua tăng cường tài chính lâm nghiệp; thỏa thuận kợp tác xây dựng kế hoạch hành động để tăng cường liên kết cơ sở giáo dục đại học giữa hai nước; biên bản ghi nhớ về tăng cường hợp tác trong giáo dục; thỏa thuận hợp tác xây dựng các chương trình đào tạo nhân lực cho Bộ Kế hoạch & Đầu tư và hỗ trợ khởi nghiệp; thỏa thuận hợp tác chuyển giao công nghệ về quản lý đất đai và đào tạo nguồn nhân lực liên quan...\r\n\r\nTại buổi lễ, đại diện Chính phủ Anh đã trao cho Thứ trưởng Bộ Y tế Nguyễn Trường Sơn 500.000 bảng Anh để hỗ trợ Chính phủ Việt Nam phòng chống dịch Covid-19. Đây là số tiền Thủ tướng Johnson thông báo tặng Việt Nam cách đây ít ngày khi ông điện đàm với Thủ tướng Phạm Minh Chính.\r\n\r\nVõ Thành', 5, 0, 3, 1, 10),
(120, 'Công bố đường bay thẳng Việt - Anh', '2021-10-31', 'Bamboo Airways công bố đường bay thẳng đầu tiên Việt Nam - Anh và ra mắt APG UK - Tổng đại lý đại di', '120_1.jpg', 'Lễ công bố diễn ra lúc 11h ngày 31/10 tại Anh theo giờ địa phương, dưới sự chứng kiến của Thủ tướng Phạm Minh Chính - người đang có chuyến công du tại Anh.\r\n\r\nÔng Trịnh Văn Quyết, Chủ tịch Bamboo Airways, cho biết sẽ thực hiện chuyến bay thẳng ngay trong năm 2021 khi Chính phủ hai nước cho phép nối lại đường bay thương mại giữa hai bên.\r\n\r\nBamboo Airways sẽ triển khai các đường bay thẳng thường lệ kết nối Hà Nội và TP HCM với London; tổng tần suất dự kiến 6 chuyến khứ hồi một tuần; tần suất chung sẽ được nâng dần lên theo nhu cầu thị trường.\r\n\r\nĐường bay thẳng của Bamboo Airways sẽ giúp rút ngắn thời gian di chuyển giữa Việt Nam và Anh xuống chỉ còn khoảng hơn 12-13 giờ, tiết kiệm 7 giờ so với các chuyến bay quá cảnh.\r\n\r\nCác chuyến bay dự kiến đón trả khách tại nhà ga số 2 của sân bay Heathrow, góp phần kết nối cả hai sân bay trọng điểm của Việt Nam với sân bay quốc tế lớn nhất nước Anh; khai thác bằng máy bay Boeing 787-9 Dreamliner.\r\n\r\nThủ tướng Phạm Minh Chính (giữa) chứng kiến lễ công bố đường bay thẳng Việt Nam - Anh, lúc 11h ngày 31/10 theo giờ địa phương tại Anh. Ảnh: Võ Thành\r\n\r\nAnh là đối tác thương mại lớn thứ ba của Việt Nam tại khu vực châu Âu, sau Đức và Hà Lan. Theo số liệu của Tổng cục Hải quan, năm 2019, tổng kim ngạch xuất nhập khẩu hai nước đạt 6,6 tỷ USD, trong đó xuất khẩu đạt 5,8 tỷ USD.\r\n\r\nTrong giai đoạn từ 2011-2019, tốc độ tăng trưởng kim ngạch xuất nhập khẩu song phương Việt - Anh tăng trung bình 12,1% một năm, cao hơn mức trung bình chung của Việt Nam 10% một năm. Tăng trưởng tổng kim ngạch xuất nhập khẩu với thị trường này cũng đạt mức cao (trên 10%).\r\n\r\nHiện có hơn 100.000 Việt kiều học tập và sinh sống tại Anh, trong đó, khoảng 60% sinh sống tại London và đang có xu hướng tăng. Theo số liệu thống kê của Tổng cục Du lịch, chỉ tính riêng trong năm 2019, lượng du khách từ Anh đến Việt Nam đạt hơn 315.000 lượt, tăng 105% so với cùng kỳ năm trước và là quốc gia châu Âu có lượng du khách đến Việt Nam cao thứ hai.\r\n\r\nMột đường bay thẳng Việt – Anh do hãng bay tư nhân Việt trực tiếp vận hành được kỳ vọng sẽ góp phần thúc đẩy mạnh mẽ quá trình hợp tác toàn diện giữa hai quốc gia, tạo tiền để vững chắc để tăng cường giao lưu song phương trên các lĩnh vực.\r\n\r\nTheo ông Nguyễn Hoàng Long, Đại sứ Việt Nam tại Anh, việc mở đường bay trực tiếp giữa Việt Nam và Anh sẽ đóng góp vào giao thương, giao lưu nhân dân và đặc biệt là phục vụ cộng đồng người Việt Nam tại Anh.\r\n\r\n\"Chúng tôi cam kết tiếp tục đồng hành, hợp tác chặt chẽ với các doanh nghiệp, tập đoàn trong nước để thúc đẩy quan hệ Việt Nam - Anh\", ông Long nói.\r\n\r\nCũng tại sự kiện, Bamboo Airways chính thức ra mắt APG UK - Tổng đại lý đại diện cho hãng tại thị trường Anh. Đơn vị này sẽ hỗ trợ Bamboo Airways trong các vấn đề thủ tục, chính sách với chính quyền sở tại đối với dịch vụ vận tải hàng không của hãng; thúc đẩy bán hàng và các hoạt động marketing, nghiên cứu thị trường; phối hợp quản lý chính sách dịch vụ, chăm sóc khách hàng và khai thác chuyến bay tại Anh...\r\n\r\nVõ Thành', 5, 0, 3, 1, 2),
(121, 'Công ty Bầu Đức lãi hàng chục tỷ nhờ đàn bò', '2021-11-09', 'Bán heo, bò thịt mang về cho Hoàng Anh Gia Lai hơn 200 tỷ đồng doanh thu và gần 55 tỷ đồng lãi gộp t', '121_1.jpg', 'Báo cáo tài chính của Công ty cổ phần Hoàng Anh Gia Lai (HAG) ghi nhận doanh thu quý III hơn 550 tỷ đồng, giảm 20% so với cùng kỳ năm ngoái.\r\n\r\nTrái cây vẫn là nguồn thu chủ lực, đóng góp 220 tỷ đồng. Hai mảng kinh doanh mới là nuôi heo và bò thịt lần lượt mang về 182 tỷ đồng và 27 tỷ đồng doanh thu trong giai đoạn này, bù đắp đáng kể nguồn thu bị hụt khi không còn hợp nhất kết quả kinh doanh từ Công ty Nông nghiệp quốc tế Hoàng Anh Gia Lai (HNG).\r\n\r\nLợi nhuận gộp mảng trái cây đạt 85 tỷ đồng, tương ứng tỷ suất sinh lời gần 39%. Con số này giảm mạnh so với thời kỳ đỉnh cao cách đây hai năm khi biên lợi nhuận gộp lên đến 56%. Nuôi heo mang về 53 tỷ đồng lợi nhuận, còn bán bò thịt lãi chưa đến một tỷ đồng.\r\n\r\nChăn nuôi và trồng cây ăn trái được ban lãnh đạo Hoàng Anh Gia Lai chọn là hai ngành chủ lực trong tương lai, bên cạnh duy duy trì một số ngành nghề phụ trợ để tận dụng lợi thế về nguyên vật liệu sản xuất. Chi phí đang phát triển vườn cây ăn quả hiện là 2.000 tỷ đồng và dự án chăn nuôi hơn 1.150 tỷ đồng. Công ty dự kiến năm nay hoàn thiện hệ thống chuồng trại để sẵn sàng cho năm sau nuôi 15.000 heo nái sinh sản và xuất chuồng 300.000 heo thịt.\r\n\r\nTrong quý III, Hoàng Anh Gia Lai ghi nhận chi phí tài chính đột biến gần 700 tỷ đồng do trích lập dự phòng giảm giá khoản đầu tư vào HNG. Bù lại, công ty đã hoàn nhập gần 500 tỷ đồng chi phí quản lý doanh nghiệp nên vẫn có lãi quý thứ hai liên tiếp. Lãi sau thuế quý này xấp xỉ 22 tỷ đồng, tăng mạnh so với mức lỗ gần 570 tỷ đồng của cùng kỳ.\r\n\r\nLuỹ kế chín tháng đầu năm, Hoàng Anh Gia Lai thu 1.364 tỷ đồng và lãi sau thuế 30 tỷ đồng, lần lượt hoàn thành 66% và 29% kế hoạch cả năm. Ban lãnh đạo trước đó dự kiến doanh thu giảm mạnh nhưng thay vào đó sẽ cắt mạch lỗ bởi không còn ghi nhận dự phòng theo nguyên tắc thận trọng, cộng thêm đã tái cấu trúc và thoái vốn các khoản đầu tư.\r\n\r\nTính đến cuối tháng 9, Hoàng Anh Gia Lai có tổng tài sản xấp xỉ 18.400 tỷ đồng, giảm gần 19.000 tỷ đồng so với thời điểm đầu năm. Nợ phải trả cũng giảm gần 14.000 tỷ đồng, còn khoảng 13.430 tỷ đồng. Công ty còn lỗ sau thuế chưa phân phối hơn 4.000 tỷ đồng.', 5, 0, 1, 1, 12),
(122, 'Phó thủ tướng: Tránh tăng giá đột biến các mặt hàn', '2021-09-11', 'Phó thủ tướng Lê Minh Khái lưu ý giữ ổn định giá điện, xăng dầu... để tránh gây áp lực lạm phát và h', '122_1.jpg', 'Ngày 1/11, Văn phòng Chính phủ thông báo kết luận cuộc họp Ban chỉ đạo giá do Phó thủ tướng Lê Minh Khái chủ trì.\r\n\r\nTheo đó, lãnh đạo Chính phủ yêu cầu giữ ổn định giá các mặt hàng quan trọng, thiết yếu do Nhà nước định giá như điện, xăng dầu... Việc này nhằm bảo đảm kiểm soát lạm phát, hỗ trợ người dân, doanh nghiệp. Tuy nhiên, ông lưu ý các cơ quan quản lý cần chủ động các phương án để điều chỉnh giá một số hàng hóa, dịch vụ khi điều kiện cho phép.\r\n\r\nĐề cập tới giá xăng dầu, Chính phủ cho rằng, áp lực lớn khi điều hành giá trong nước cuối năm nay và cả năm 2022 khi giá năng lượng toàn cầu ở mức cao, khó lường. Phó thủ tướng Lê Minh Khái yêu cầu Bộ Công Thương cùng Bộ Tài chính điều hành linh hoạt theo diễn biến giá thế giới. Việc tính toán mức trích lập, chi sử dụng quỹ bình ổn cũng cần linh hoạt, hợp lý để tạo dư địa cho điều hành giá trong dịp Tết Nguyên đán và tạo đà kiểm soát giá năm 2022.\r\n\r\n\"Giữ bình ổn mặt bằng giá xăng dầu vừa để tháo gỡ khó khăn cho sản xuất, kinh doanh, lưu thông hàng hóa, vừa hỗ trợ thúc đẩy tăng trưởng kinh tế\", thông báo kết luận nêu.\r\n\r\nGiá bán lẻ xăng dầu trong nước vừa trải qua đợt tăng gần 1.500 đồng với xăng, trên 1.000 đồng với dầu, đưa giá loại nhiên liệu này lên mức cao nhất 7 năm. Mỗi lít xăng RON 95 ở mức 24.330 đồng một lít, E5 RON 92 là 23.110 đồng, dầu diesel 18.710 đồng... Sự tăng mạnh này do chịu ảnh hưởng của giá nhiên liệu thế giới, nhưng đã tác động tới các doanh nghiệp sản xuất, dịch vụ vận tải.\r\n\r\nĐổ xăng cho khách hàng, tại cây xăng trên đường Hai Bà Trưng, TP HCM. Ảnh: Quỳnh Trần\r\n\r\nVới điện, Bộ Công Thương được yêu cầu kiểm tra giá sản xuất, đánh giá kỹ các chi phí đầu vào, chi phí dự kiến và các khoản chưa được tính vào giá điện. Việc này nhằm xây dựng phương án điều chỉnh giá điện, dự kiến cho năm 2022, theo Quyết định 24/2017 về cơ chế điều chỉnh mức giá bản lẻ điện bình quân.\r\n\r\nSố liệu của Tổng cục Thống kê cho thấy, CPI bình quân 10 tháng đầu năm 2021 ở mức 1,81%. Đây là điều kiện thuận lợi và có dư địa để kiểm soát lạm phát cả năm 2021 dưới mục tiêu đề ra.\r\n\r\nTuy nhiên, hiện áp lực lên mặt bằng giá của một số mặt hàng (không nằm ở danh mục Nhà nước định giá, bình ổn giá) rất lớn do tác động từ cung cầu và khó khăn trong lưu thông hàng hóa. Chẳng hạn, giá sắt thép, phân bón, thức ăn chăn nuôi... ở mức cao và đang có xu hướng tăng cùng đà đi lên của thế giới khi nguồn cung chưa thể đáp ứng. Hay một số mặt hàng tiêu dùng lớn như gạo, rau củ quả... cũng đang trong xu hướng tăng.\r\n\r\nVới thịt heo, Phó thủ tướng yêu cầu Bộ Nông nghiệp & Phát triển nông thôn và Bộ Công Thương theo dõi sát tình hình thị trường, cung, cầu và giá để tránh tình trạng giá biến động đột biến khi nguồn cung gián đoạn từ việc tái đàn. Bộ Nông nghiệp & Phát triển nông thôn nghiên cứu có giải pháp quản lý theo chuỗi, từ khâu giết mổ, lưu thông đến tiêu thụ sản phẩm cho các hộ chăn nuôi.\r\n\r\n\"Cần phải cân đối được cung cầu gắn với khâu sản xuất, lưu thông và tín hiệu thị trường để giữ bình ổn giá trong dịp lễ, Tết năm 2021, và tạo đà thuận lợi những tháng đầu năm 2022\", Phó thủ tướng yêu cầu.\r\n\r\nVề vật liệu xây dựng, Bộ Xây dựng phối hợp với Bộ Tài nguyên và Môi trường, Bộ Công Thương nghiên cứu giải pháp giám sát khai thác, sản xuất và kiểm tra xử lý các trường hợp lợi dụng đầu cơ tăng giá bất hợp lý. Trường hợp cần thiết, các cơ quan này nghiên cứu báo cáo Chính phủ sửa đổi các văn bản quy phạm pháp luật để tạo thuận lợi cho hoạt động này, kiểm soát giá để không ảnh hưởng đến các dự án đầu tư xây dựng tại địa phương.\r\n\r\n\"Chính phủ quyết tâm kiểm soát lạm phát dự kiến khoảng 2%, trường hợp bất thường dự kiến cũng không vượt quá 2,5%\", thông báo của Văn phòng Chính phủ nêu.\r\n\r\nLãnh đạo Chính phủ đề nghị Bộ Tài chính cùng Ngân hàng Nhà nước, Bộ Kế hoạch & Đầu tư phân tích, dự báo và cập nhật kịch bản điều hành giá năm 2022 trên cơ sở tình hình thế giới tác động tới Việt Nam.\r\n\r\nChính sách tài khoá và tiền tệ cần được Bộ Tài chính, Ngân hàng Nhà nước điều hành chủ động, linh hoạt, hợp lý với các chính sách vĩ mô chung. Việc này góp phần hỗ trợ sản xuất kinh doanh, kiểm soát lạm phát cơ bản và tạo điều kiện cho các doanh nghiệp tiếp cận tín dụng để phát triển kinh tế.\r\n\r\nAnh Minh', 5, 0, 1, 1, 10),
(123, 'Thách thức khi muốn tăng khai thác dầu lúc giá cao', '2021-10-30', 'Trong khi giá dầu đang tăng cao, Tập đoàn Dầu khí Việt Nam cho biết việc tăng khai thác các mỏ lúc n', '123_1.jpg', 'Hiện cả hai loại dầu chủ chốt là WTI và Brent đều tăng khoảng 20% so với đầu tháng 9. Giá dầu bình quân ở mức 80 USD một thùng. Trong lúc giá dầu thô trên thị trường thế giới đang tăng cao và dự báo có thể vượt 90 USD một thùng, thậm chí cán mốc 100 USD, nhiều ý kiến cho rằng có thể cân nhắc, xem xét tăng sản lượng khai thác dầu để bù đắp, tăng thu ngân sách.\r\n\r\nTheo dự toán ngân sách Nhà nước 2022 đang được Chính phủ trình Quốc hội, dự toán thu từ dầu thô khoảng 28.200 tỷ đồng, chiếm 2% tổng thu cân đối ngân sách Nhà nước. Dự toán này đưa ra trên cơ sở sản lượng khai thác trong nước gần 7 triệu tấn với kịch bản giá dầu 60 USD một thùng.\r\n\r\nSo với số thu từ dầu thô năm 2011 khoảng 35.200 tỷ đồng với mức khai thác 8,48 triệu tấn (với giá dầu 62 USD một thùng), kế hoạch năm 2022 giảm gần 1,5 triệu tấn dầu khai thác, thu ngân sách cũng ít hơn khoảng 7.000 tỷ đồng.\r\n\r\nThẩm tra báo cáo này của Chính phủ, Uỷ ban Tài chính ngân sách cho rằng chưa phù hợp khi dự kiến sản lượng khai thác giảm so với ước thực hiện năm 2021 trong điều kiện giá dầu thế giới tăng cao.\r\n\r\nCông nhân Viesovpetro làm việc trên giàn khoan. Ảnh: PVN\r\n\r\nGiải thích việc này, ông Hồ Đức Phớc, Bộ trưởng Tài chính cho biết đã làm việc với Tập đoàn Dầu khí Việt Nam (PVN) nhưng khả năng khó tăng sản lượng khai thác dầu thô năm sau.\r\n\r\nÔng cho hay, tài nguyên tại các mỏ khai thác lâu nay suy giảm, việc gia tăng sản lượng tiềm ẩn rủi ro cho an toàn mỏ. \"Chính phủ đã tính rất kỹ về sản lượng khai thác dầu năm 2022, nên mức 7 triệu tấn là phù hợp\", ông nói tại thảo luận ở tổ về kinh tế - xã hội tuần trước.\r\n\r\nVề phía PVN, tập đoàn này cho biết hiện phần lớn các mỏ hiện hữu đang khai thác đều suy giảm sản lượng, trong khi công tác phát triển mỏ mới gặp nhiều hạn chế. Do đó việc duy trì và hoàn thành kế hoạch sản lượng khai thác, theo PVN, là thách thức rất lớn.\r\n\r\nThực tế phần lớn các mỏ dầu khí được đưa vào khai thác từ giai đoạn 1986 - 2015. Có những mỏ đã khai thác 15-35 năm, đang ở giai đoạn khai thác cuối đời mỏ, độ ngập nước cao bình quân ở mức 50-90%. Điều này dẫn tới sản lượng suy giảm tự nhiên tại số mỏ này khoảng 15-25% mỗi năm.\r\n\r\nSản lượng khai thác dầu khí liên tục giảm từ năm 2015 đến nay. \"Tăng khai thác tức là phải bơm nước để dầu nổi lên. Với các mỏ có độ ngập nước cao, việc này sẽ không đảm bảo kỹ thuật, khó có thể tăng sản lượng khai thác\", một chuyên gia trong lĩnh vực thăm dò dầu khí chia sẻ.\r\n\r\nNgoài giảm khai thác dầu, kế hoạch khai thác khí của PVN dự kiến cũng giảm do tình hình tiêu thụ khí khó khăn, nhất là khí cho điện giảm mạnh. Số liệu 9 tháng đầu năm cho thấy, huy động khí cho điện chỉ bằng khoảng 72% so với cùng kỳ và bằng 70% kế hoạch, làm ảnh hưởng chung khi khí đồng hành tại các mỏ khai thác dầu không được huy động.\r\n\r\nÔng Lê Mạnh Hùng, Tổng giám đốc PVN, cho hay việc khai thác mỏ phụ thuộc nhiều vào việc đầu tư, nhưng hiện các hợp đồng, mỏ đều đã vận hành khai thác từ lâu, chưa có mỏ, hợp đồng mới. Muốn tăng sản lượng tại các mỏ đã khai thác, PVN phải dùng giải pháp kỹ thuật, song cũng chỉ là hỗ trợ, có thể thành công hoặc không.\r\n\r\nChẳng hạn, để hạn chế mức độ suy giảm sản lượng từ các giếng hiện hữu, hằng năm tập đoàn này và các nhà thầu khai thác đều tìm kiếm giải pháp khoan bổ sung nhưng số lượng cũng rất hạn chế. Thường sản lượng của các giếng khoan này cũng chỉ góp dưới 10% sản lượng chung của cả mỏ. Một số giải pháp khác như tối ưu hệ số sử dụng thiết bị, can thiệp giếng... cũng được triển khai, góp thêm 1-2% sản lượng cho mỏ.\r\n\r\nThêm vào đó, hoạt động dầu khí nói chung và đặc biệt hoạt động dầu khí ngoài biển có nhiều rủi ro bao gồm rủi ro về địa chất, rủi ro về điều kiện thời tiết ... dẫn đến sản lượng khai thác thực tế có những thay đổi so với kế hoạch. Thực tế, cơ quan quản lý nhà nước về dầu khí cũng cho phép thay đổi giữa kế hoạch được phê duyệt và sản lượng thực tế ở mức 10%.\r\n\r\nCũng theo ông Hùng, để có thể khai thác được mỏ dầu, cần phải đầu tư mất hàng chục năm, từ khâu thăm dò trữ lượng, tìm kiếm thăm dò đến phát triển khai thác mới, có sản lượng. Nhưng thời gian qua việc đầu tư bị hạn chế nên không có trữ lượng và khó có sản lượng ngay được.\r\n\r\nChia sẻ thêm, ông Vũ Quang Nam, Phó chủ nhiệm CLB Doanh nghiệp dầu khí cho hay, chi phí cho tìm kiếm thăm dò một giếng dầu tốn khoảng 10-15 triệu USD, nhưng tỷ lệ rủi ro trong thăm dò khai thác dầu khí thường cao, thành công chỉ chiếm khoảng 20%. Thủ tục phê duyệt dự án thăm dò khai thác dầu khí hiện đang giống các dự án đầu tư phát triển khác do Luật Dầu khí chưa sửa, khiến doanh nghiệp nhà nước như PVN gặp khó trong triển khai các dự án tìm kiếm thăm dò mỏ.\r\n\r\n\"Thế giới có thống kê nếu khoan từ 6 – 10 giếng mà thành công được 1 giếng thì đã là thắng lợi rồi\", ông Nam nói và nhận định, phải có vốn đầu tư và có cơ chế để dầu khí có thể hoạt động được.\r\n\r\nPVN cho biết, ngoài các giải pháp đẩy mạnh tìm kiếm thăm dò, khai thác để gia tăng trữ lượng, cần xử lý các khó khăn liên quan 2 dự án trọng điểm về dầu khí là dự án khí Lô B và dự án khí Cá Voi Xanh để đưa hai mỏ này vào khai thác theo kế hoạch. Bên cạnh đó, nhà chức trách cần sớm phê duyệt cơ chế hoạt động cho một số lô dầu khí, thay đổi các điều kiện phân chia giữa nhà nước và nhà thầu.\r\n\r\nAnh Minh', 5, 0, 1, 1, 10),
(133, 'Bài viết mới nhất', '2021-11-26', 'Thử thêm bài viết', 'Ảnh đại diện đã tồn tại, không thể tải lên ảnh đại', '<p>Đ&acirc;y l&agrave; b&agrave;i viết được đăng dưới quyền t&aacute;c giả&nbsp;<u><em>admin</em></u></p>\r\n', 2, 0, 3, 4, 0);

-- --------------------------------------------------------

--
-- Table structure for table `binhluan`
--

CREATE TABLE `binhluan` (
  `ID_BinhLuan` int(11) NOT NULL,
  `NoiDung` text NOT NULL,
  `ThoiGianBinhLuan` datetime NOT NULL DEFAULT current_timestamp(),
  `ID_BaiViet` int(11) NOT NULL,
  `ID_TaiKhoan` int(11) NOT NULL
) ENGINE=InnoDB DEFAULT CHARSET=utf8mb4;

--
-- Dumping data for table `binhluan`
--

INSERT INTO `binhluan` (`ID_BinhLuan`, `NoiDung`, `ThoiGianBinhLuan`, `ID_BaiViet`, `ID_TaiKhoan`) VALUES
(1, 'Bài viết này rất hay và hữu ích với tôi!', '2021-11-22 10:25:44', 121, 1),
(2, 'Tôi thấy bài viết khá ổn', '2021-11-22 10:25:44', 121, 1),
(3, 'Thật tuyệt vời', '2021-11-22 10:25:44', 121, 1),
(6, 'Tui thêm nè', '2021-11-22 10:25:44', 121, 1),
(7, 'heyimpg thêm', '2021-11-22 10:25:44', 121, 2),
(8, 'Hay zữ', '2021-11-22 11:22:39', 121, 2),
(9, '????', '2021-11-22 11:24:39', 121, 2),
(10, 'gì z', '2021-11-22 11:27:08', 101, 2),
(11, 'Bình luận nè', '2021-11-22 21:50:29', 121, 1),
(12, 'Thêm bl', '2021-11-25 10:29:55', 121, 2);

-- --------------------------------------------------------

--
-- Table structure for table `chitiettheloai`
--

CREATE TABLE `chitiettheloai` (
  `ID_CTTheLoai` int(11) NOT NULL,
  `TenCTTheLoai` varchar(50) NOT NULL,
  `ID_TheLoai` int(11) NOT NULL,
  `HienThiCon` int(2) NOT NULL,
  `NgayTao` datetime NOT NULL,
  `NgayCapNhat` datetime NOT NULL
) ENGINE=InnoDB DEFAULT CHARSET=utf8mb4;

--
-- Dumping data for table `chitiettheloai`
--

INSERT INTO `chitiettheloai` (`ID_CTTheLoai`, `TenCTTheLoai`, `ID_TheLoai`, `HienThiCon`, `NgayTao`, `NgayCapNhat`) VALUES
(1, 'Văn hoá', 1, 1, '2021-10-11 00:00:00', '2021-10-20 00:00:00'),
(2, 'Nhạc', 1, 1, '2021-10-18 00:00:00', '2021-10-20 00:00:00'),
(3, 'Phát minh', 3, 1, '2021-10-10 00:00:00', '2021-10-20 00:00:00'),
(4, 'Bóng đá', 4, 1, '2021-10-17 00:00:00', '2021-10-20 00:00:00'),
(5, 'Bất động sản', 5, 0, '2021-10-10 00:00:00', '2021-10-20 00:00:00'),
(6, 'Hồ sơ phá án', 6, 0, '2021-10-20 00:00:00', '2021-10-20 00:00:00'),
(7, 'Dân sinh', 7, 0, '2021-10-31 00:00:00', '2021-10-31 00:00:00'),
(8, 'Người Việt 5 châu', 8, 0, '2021-10-31 00:00:00', '2021-10-31 00:00:00');

-- --------------------------------------------------------

--
-- Table structure for table `chucdanh`
--

CREATE TABLE `chucdanh` (
  `ID_ChucDanh` int(11) NOT NULL,
  `TenChucDanh` varchar(20) NOT NULL
) ENGINE=InnoDB DEFAULT CHARSET=utf8mb4;

--
-- Dumping data for table `chucdanh`
--

INSERT INTO `chucdanh` (`ID_ChucDanh`, `TenChucDanh`) VALUES
(1, 'Quản trị viên'),
(2, 'Người dùng');

-- --------------------------------------------------------

--
-- Table structure for table `loaitin`
--

CREATE TABLE `loaitin` (
  `ID_LoaiTin` int(11) NOT NULL,
  `TenLoaiTin` varchar(30) NOT NULL
) ENGINE=InnoDB DEFAULT CHARSET=utf8mb4;

--
-- Dumping data for table `loaitin`
--

INSERT INTO `loaitin` (`ID_LoaiTin`, `TenLoaiTin`) VALUES
(1, 'TinNoiBat'),
(2, 'TinPhoBien'),
(3, 'TinChonLua'),
(4, 'TinTheGioi'),
(9, 'TinMoiNhat');

-- --------------------------------------------------------

--
-- Table structure for table `luotthich`
--

CREATE TABLE `luotthich` (
  `ID_LuotThich` int(11) NOT NULL,
  `ID_BaiViet` int(11) NOT NULL,
  `ID_TaiKhoan` int(11) NOT NULL,
  `DaThich` tinyint(1) NOT NULL
) ENGINE=InnoDB DEFAULT CHARSET=utf8mb4;

--
-- Dumping data for table `luotthich`
--

INSERT INTO `luotthich` (`ID_LuotThich`, `ID_BaiViet`, `ID_TaiKhoan`, `DaThich`) VALUES
(27, 121, 1, 0),
(28, 101, 1, 0),
(29, 123, 1, 0),
(30, 121, 2, 1);

-- --------------------------------------------------------

--
-- Table structure for table `taikhoan`
--

CREATE TABLE `taikhoan` (
  `ID_TaiKhoan` int(11) NOT NULL,
  `TaiKhoan` varchar(20) NOT NULL,
  `MatKhau` varchar(100) NOT NULL,
  `ID_ChucDanh` int(11) NOT NULL
) ENGINE=InnoDB DEFAULT CHARSET=utf8mb4;

--
-- Dumping data for table `taikhoan`
--

INSERT INTO `taikhoan` (`ID_TaiKhoan`, `TaiKhoan`, `MatKhau`, `ID_ChucDanh`) VALUES
(1, 'oop', '$2y$10$aZxRpQL8lgoATUqrm31YQ.1W.LuH8dSHFXjG6oCNdYGeLHnZZUHua', 2),
(2, 'heyimpg', '$2y$10$N1EsT5jhYPimkkRuRcw44OqfUXACbKrAsCOVTLE321awZNaHq3.0W', 2),
(4, 'admin', '$2y$10$vGtZUgPYJCWADSC.DfaUw.H5ovusa3K5L9.XCVqGyjlXDmR6fFu7S', 1),
(5, 'adminB', '$2y$10$fh/jIDckMV2o0R1Zw8ud1OUF/mfBwglPntY9rm0bnzsFAn6ZvQ6LK', 1),
(11, 'test', '$2y$10$s2oTDo6VmkMWNcoWu/xN6eEovwzTJ43m/cEjaK14PphUVgEPPgQf.', 2),
(12, 'user01', '$2y$10$.8TkoDqF7pAvO8.NtrxJ0uwG.VMOM/ZiDdHBubtnfpmcPrZpKKfuO', 2);

-- --------------------------------------------------------

--
-- Table structure for table `theloai`
--

CREATE TABLE `theloai` (
  `ID_TheLoai` int(11) NOT NULL,
  `TenTheLoai` varchar(50) NOT NULL,
  `HienThiCha` int(2) NOT NULL,
  `NgayKhoiTao` datetime NOT NULL
) ENGINE=InnoDB DEFAULT CHARSET=utf8mb4;

--
-- Dumping data for table `theloai`
--

INSERT INTO `theloai` (`ID_TheLoai`, `TenTheLoai`, `HienThiCha`, `NgayKhoiTao`) VALUES
(1, 'Góc nhìn', 0, '2021-11-10 00:00:00'),
(2, 'Giải trí', 0, '2021-11-10 00:00:00'),
(3, 'Khoa học', 0, '2021-11-09 00:00:00'),
(4, 'Thể thao', 0, '2021-11-09 00:00:00'),
(5, 'Kinh doanh', 0, '2021-11-08 00:00:00'),
(6, 'Pháp luật', 0, '2021-11-08 00:00:00'),
(7, 'Thời sự', 0, '2021-11-08 00:00:00'),
(8, 'Thế giới', 0, '2021-11-08 00:00:00');

--
-- Indexes for dumped tables
--

--
-- Indexes for table `baiviet`
--
ALTER TABLE `baiviet`
  ADD PRIMARY KEY (`ID_BaiViet`);

--
-- Indexes for table `binhluan`
--
ALTER TABLE `binhluan`
  ADD PRIMARY KEY (`ID_BinhLuan`);

--
-- Indexes for table `chitiettheloai`
--
ALTER TABLE `chitiettheloai`
  ADD PRIMARY KEY (`ID_CTTheLoai`);

--
-- Indexes for table `chucdanh`
--
ALTER TABLE `chucdanh`
  ADD PRIMARY KEY (`ID_ChucDanh`);

--
-- Indexes for table `loaitin`
--
ALTER TABLE `loaitin`
  ADD PRIMARY KEY (`ID_LoaiTin`),
  ADD KEY `ID_LoaiTin` (`ID_LoaiTin`);

--
-- Indexes for table `luotthich`
--
ALTER TABLE `luotthich`
  ADD PRIMARY KEY (`ID_LuotThich`);

--
-- Indexes for table `taikhoan`
--
ALTER TABLE `taikhoan`
  ADD PRIMARY KEY (`ID_TaiKhoan`);

--
-- Indexes for table `theloai`
--
ALTER TABLE `theloai`
  ADD PRIMARY KEY (`ID_TheLoai`);

--
-- AUTO_INCREMENT for dumped tables
--

--
-- AUTO_INCREMENT for table `baiviet`
--
ALTER TABLE `baiviet`
  MODIFY `ID_BaiViet` int(11) NOT NULL AUTO_INCREMENT, AUTO_INCREMENT=134;

--
-- AUTO_INCREMENT for table `binhluan`
--
ALTER TABLE `binhluan`
  MODIFY `ID_BinhLuan` int(11) NOT NULL AUTO_INCREMENT, AUTO_INCREMENT=13;

--
-- AUTO_INCREMENT for table `chitiettheloai`
--
ALTER TABLE `chitiettheloai`
  MODIFY `ID_CTTheLoai` int(11) NOT NULL AUTO_INCREMENT, AUTO_INCREMENT=59;

--
-- AUTO_INCREMENT for table `chucdanh`
--
ALTER TABLE `chucdanh`
  MODIFY `ID_ChucDanh` int(11) NOT NULL AUTO_INCREMENT, AUTO_INCREMENT=3;

--
-- AUTO_INCREMENT for table `loaitin`
--
ALTER TABLE `loaitin`
  MODIFY `ID_LoaiTin` int(11) NOT NULL AUTO_INCREMENT, AUTO_INCREMENT=11;

--
-- AUTO_INCREMENT for table `luotthich`
--
ALTER TABLE `luotthich`
  MODIFY `ID_LuotThich` int(11) NOT NULL AUTO_INCREMENT, AUTO_INCREMENT=31;

--
-- AUTO_INCREMENT for table `taikhoan`
--
ALTER TABLE `taikhoan`
  MODIFY `ID_TaiKhoan` int(11) NOT NULL AUTO_INCREMENT, AUTO_INCREMENT=13;

--
-- AUTO_INCREMENT for table `theloai`
--
ALTER TABLE `theloai`
  MODIFY `ID_TheLoai` int(11) NOT NULL AUTO_INCREMENT, AUTO_INCREMENT=2433;
COMMIT;

/*!40101 SET CHARACTER_SET_CLIENT=@OLD_CHARACTER_SET_CLIENT */;
/*!40101 SET CHARACTER_SET_RESULTS=@OLD_CHARACTER_SET_RESULTS */;
/*!40101 SET COLLATION_CONNECTION=@OLD_COLLATION_CONNECTION */;
